,普通,普通,普通,普通,普通,普通,普通,普通,普通,特急,普通,普通,普通,普通,特急,普通,特急,普通,普通,普通,普通,普通,普通,普通,普通,普通,普通,普通,普通,特急,普通,普通,普通
,,,,,,,,,,ゆふ 1号,,,,,ゆふいんの森 3号,,ゆふ 3号,,,,,,,,,,,,,ゆふ 5号,,,
,大分,大分,大分,大分,大分,大分,大分,大分,大分,別府,大分,大分,大分,大分,別府,大分,別府,大分,大分,大分,大分,大分,大分,大分,大分,大分,大分,大分,大分,大分,大分,大分,大分
,4821D,4823D,4827D,4829D,4831D,4833D,4835D,1821D_1823D,4837D,81D,4839D,4841D,4843D,4845D,8003D,1843D,83D,4847D,1849D,4849D,4851D,4853D,4855D,1857D,4857D,4859D,1865D,4861D,1873D,85D,4863D,4865D,4867D
,毎日運転,毎日運転,毎日運転,毎日運転,毎日運転,毎日運転,毎日運転,毎日運転,毎日運転,毎日運転,毎日運転,毎日運転,毎日運転,毎日運転,１０月１４～１７・２１～２３日は運休,毎日運転,毎日運転,毎日運転,毎日運転,毎日運転,毎日運転,毎日運転,毎日運転,毎日運転,毎日運転,毎日運転,毎日運転,毎日運転,毎日運転,毎日運転,毎日運転,毎日運転,毎日運転
博多 着,,,,,,,,,,,,,,,,,,,,,,,,,,,,,,,,,
博多 発,,,,,,,,,,07:43,,,,,10:11,,12:14,,,,,,,,,,,,,18:30,,,
二日市 着,,,,,,,,,,07:59,,,,,,,12:25,,,,,,,,,,,,,18:44,,,
二日市 発,,,,,,,,,,08:00,,,,,,,12:26,,,,,,,,,,,,,18:44,,,
鳥栖 着,,,,,,,,,,08:13,,,,,10:36,,12:38,,,,,,,,,,,,,18:56,,,
鳥栖 発,,,,,,,,,,08:15,,,,,10:37,,12:39,,,,,,,,,,,,,18:58,,,
久留米 着,,,,,,,,,,08:23,,,,,10:45,,12:47,,,,,,,,,,,,,19:06,,,
久留米 発,,,,,,,,06:11,,08:25,,,,,10:48,,12:48,,,,,,,,,,,,,19:08,,,
久留米高校前 着,,,,,,,,06:15,,,,,,,,,,,,,,,,,,,,,,,,,
久留米高校前 発,,,,,,,,06:15,,,,,,,,,,,,,,,,,,,,,,,,,
南久留米 着,,,,,,,,06:17,,,,,,,,,,,,,,,,,,,,,,,,,
南久留米 発,,,,,,,,06:18,,,,,,,,,,,,,,,,,,,,,,,,,
久留米大学前 着,,,,,,,,06:20,,08:33,,,,,,,,,,,,,,,,,,,,,,,
久留米大学前 発,,,,,,,,06:21,,08:33,,,,,,,,,,,,,,,,,,,,,,,
御井 着,,,,,,,,06:23,,,,,,,,,,,,,,,,,,,,,,,,,
御井 発,,,,,,,,06:23,,,,,,,,,,,,,,,,,,,,,,,,,
善導寺 着,,,,,,,,06:28,,,,,,,,,,,,,,,,,,,,,,,,,
善導寺 発,,,,,,,,06:31,,,,,,,,,,,,,,,,,,,,,,,,,
筑後草野 着,,,,,,,,06:34,,,,,,,,,,,,,,,,,,,,,,,,,
筑後草野 発,,,,,,,,06:35,,,,,,,,,,,,,,,,,,,,,,,,,
田主丸 着,,,,,,,,06:39,,,,,,,,,13:08,,,,,,,,,,,,,19:24,,,
田主丸 発,,,,,,,,06:42,,,,,,,,,13:09,,,,,,,,,,,,,19:25,,,
筑後吉井 着,,,,,,,,06:48,,08:48,,,,,,,13:14,,,,,,,,,,,,,19:30,,,
筑後吉井 発,,,,,,,,06:48,,08:49,,,,,,,13:15,,,,,,,,,,,,,19:31,,,
うきは 着,,,,,,,,06:52,,,,,,,,,13:19,,,,,,,,,,,,,19:35,,,
うきは 発,,,,,,,,06:53,,,,,,,,,13:20,,,,,,,,,,,,,19:35,,,
筑後大石 着,,,,,,,,06:56,,,,,,,,,,,,,,,,,,,,,,,,,
筑後大石 発,,,,,,,,06:57,,,,,,,,,,,,,,,,,,,,,,,,,
夜明 着,,,,,,,,07:03,,,,,,,,,,,,,,,,,,,,,,,,,
夜明 発,,,,,,,,07:04,,,,,,,,,,,,,,,,,,,,,,,,,
光岡 着,,,,,,,,07:10,,,,,,,,,,,,,,,,,,,,,,,,,
光岡 発,,,,,,,,07:10,,,,,,,,,,,,,,,,,,,,,,,,,
日田 着,,,,,,,,07:14,,09:08,,,,,11:31,,13:36,,,,,,,,,,,,,19:51,,,
日田 発,,,,,,,,7:18,,09:09,,,,,11:32,12:29,13:39,,14:39,,,,,16:55,,,18:13,,19:19,19:52,,,
豊後三芳 着,,,,,,,,07:21,,,,,,,,12:31,,,14:42,,,,,16:57,,,18:16,,19:21,,,,
豊後三芳 発,,,,,,,,07:21,,,,,,,,12:32,,,14:42,,,,,16:58,,,18:16,,19:22,,,,
豊後中川 着,,,,,,,,07:28,,,,,,,,12:38,,,14:49,,,,,17:05,,,18:23,,19:28,,,,
豊後中川 発,,,,,,,,07:28,,,,,,,,12:39,,,14:49,,,,,17:05,,,18:23,,19:29,,,,
天ケ瀬 着,,,,,,,,07:33,,09:20,,,,,11:45,12:44,13:50,,14:54,,,,,17:11,,,18:29,,19:33,20:04,,,
天ケ瀬 発,,,,,,,,07:34,,09:21,,,,,11:45,12:47,13:51,,14:57,,,,,17:15,,,18:34,,19:34,20:07,,,
杉河内 着,,,,,,,,07:38,,,,,,,,12:51,,,15:02,,,,,17:20,,,18:39,,19:38,,,,
杉河内 発,,,,,,,,07:39,,,,,,,,12:52,,,15:02,,,,,17:20,,,18:39,,19:39,,,,
北山田 着,,,,,,,,07:44,,,,,,,,12:57,,,15:07,,,,,17:26,,,18:45,,19:44,,,,
北山田 発,,,,,,,,07:44,,,,,,,,12:57,,,15:08,,,,,17:26,,,18:45,,19:44,,,,
豊後森 着,,,,,,,,07:50,,09:34,,,,,12:00,13:03,14:04,,15:13,,,,,17:32,,,18:51,,19:50,20:20,,,
豊後森 発,,,,,,,,07:57,,09:35,,,,,12:00,13:03,14:05,,15:18,,,,,17:32,,,18:51,,19:53,20:21,,,21:32
恵良 着,,,,,,,,08:01,,,,,,,,13:07,,,15:23,,,,,17:37,,,18:56,,19:57,,,,21:37
恵良 発,,,,,,,,08:02,,,,,,,,13:08,,,15:26,,,,,17:40,,,18:56,,19:58,,,,21:37
引治 着,,,,,,,,08:06,,,,,,,,13:12,,,15:30,,,,,17:44,,,19:01,,20:02,,,,21:41
引治 発,,,,,,,,08:06,,,,,,,,13:12,,,15:30,,,,,17:45,,,19:01,,20:02,,,,21:41
豊後中村 着,,,,,,,,08:10,,09:45,,,,,,13:16,14:17,,15:34,,,,,17:48,,,19:05,,20:06,20:32,,,21:45
豊後中村 発,,,,,,,,08:10,,09:45,,,,,,13:16,14:17,,15:36,,,,,17:49,,,19:05,,20:06,20:32,,,21:45
野矢 着,,,,,,,,08:16,,,,,,,,13:22,,,15:42,,,,,17:57,,,19:13,,20:12,,,,21:51
野矢 発,,,,,,,,08:17,,,,,,,,13:23,,,15:42,,,,,18:00,,,19:13,,20:12,,,,21:52
由布院 着,,,,,,,,08:28,,10:02,,,,,12:27,13:34,14:39,,15:53,,,,,18:13,,,19:26,,20:23,20:49,,,22:04
由布院 発,05:36,06:20,06:42,07:03,,,07:59,08:39,09:32,10:05,,10:41,,12:09,12:32,13:46,14:42,15:17,16:01,,17:06,,17:50,18:20,,,19:55,,20:24,20:52,,,22:11
南由布 着,05:40,06:24,06:46,07:07,,,08:03,08:43,09:36,,,10:45,,12:14,,13:50,,15:21,16:05,,17:10,,17:55,18:24,,,19:59,,20:28,,,,22:15
南由布 発,05:40,06:25,06:47,07:07,,,08:03,08:44,09:37,,,10:46,,12:17,,13:50,,15:21,16:09,,17:11,,17:55,18:24,,,19:59,,20:29,,,,22:15
湯平 着,05:47,06:32,06:54,07:14,,,08:11,08:51,09:44,10:16,,10:53,,12:25,,13:58,14:53,15:29,16:16,,17:18,,18:02,18:32,,,20:07,,20:36,21:02,,,22:23
湯平 発,05:48,06:32,06:55,07:15,,,08:11,08:54,09:45,10:17,,10:54,,12:25,,14:01,14:54,15:33,16:17,,17:19,,18:06,18:33,,,20:07,,20:36,21:05,,,22:23
庄内 着,05:53,06:38,07:00,07:20,,,08:17,09:00,09:50,,,10:59,,12:30,,14:06,,15:38,16:23,,17:25,,18:12,18:38,,,20:13,,20:42,,,,22:29
庄内 発,05:54,06:38,07:00,07:21,07:43,,08:17,09:00,09:51,,,11:00,,12:31,,14:12,,15:38,16:24,,17:26,,18:12,18:39,,19:35,20:14,,20:42,,,21:53,22:29
天神山 着,05:57,06:42,07:04,07:25,07:47,,08:21,09:04,09:55,,,11:04,,12:35,,14:16,,15:42,16:28,,17:30,,18:16,18:43,,19:39,20:18,,20:46,,,21:57,22:33
天神山 発,05:58,06:42,07:05,07:25,07:47,,08:22,09:05,09:55,,,11:04,,12:36,,14:17,,15:43,16:29,,17:30,,18:17,18:43,,19:40,20:18,,20:46,,,21:58,22:33
小野屋 着,06:00,06:45,07:07,07:28,07:50,,08:24,09:07,09:58,,,11:06,,12:38,,14:19,,15:45,16:31,,17:32,,18:19,18:46,,19:42,20:20,,20:49,,,22:00,22:36
小野屋 発,06:01,06:46,07:09,07:30,07:50,,08:25,09:08,09:58,,,11:07,,12:39,,14:19,,15:46,16:32,,17:33,,18:20,18:59,,19:42,20:21,,20:51,,,22:01,22:36
鬼瀬 着,06:06,06:51,07:14,07:35,07:55,,08:30,09:13,10:03,,,11:12,,12:44,,14:24,,15:51,16:37,,17:38,,18:25,19:04,,19:47,20:26,,20:56,,,22:05,22:41
鬼瀬 発,06:06,06:51,07:14,07:35,07:55,,08:30,09:13,10:04,,,11:12,,12:44,,14:25,,15:52,16:37,,17:38,,18:25,19:05,,19:48,20:26,,20:57,,,22:06,22:42
向之原 着,06:10,06:55,07:18,07:39,07:59,,08:34,09:17,10:07,10:34,,11:16,,12:48,,14:28,15:12,15:55,16:41,,17:42,,18:29,19:08,,19:51,20:30,,21:00,21:23,,22:10,22:46
向之原 発,06:10,06:56,07:20,07:39,07:59,,08:35,09:17,10:08,10:34,10:46,11:17,12:07,12:49,,14:29,15:12,15:56,16:44,17:10,17:42,18:12,18:37,19:09,19:42,19:52,20:31,20:46,21:06,21:23,21:46,22:10,22:46
豊後国分 着,06:15,07:00,07:25,07:44,08:04,,08:39,09:22,10:13,,10:50,11:22,12:12,12:53,,14:33,,16:00,16:49,17:15,17:47,18:17,18:42,19:14,19:46,19:58,20:35,20:50,21:11,,21:51,22:15,22:51
豊後国分 発,06:15,07:01,07:26,07:44,08:04,08:31,08:40,09:27,10:14,,10:51,11:22,12:12,12:54,,14:34,,16:01,16:49,17:16,17:48,18:17,18:46,19:15,19:47,20:01,20:36,20:51,21:11,,21:51,22:15,22:51
賀来 着,06:18,07:04,07:29,07:47,08:07,08:34,08:43,09:31,10:17,,10:54,11:25,12:15,12:57,,14:37,,16:04,16:52,17:19,17:51,18:20,18:49,19:18,19:50,20:04,20:39,20:54,21:14,,21:54,22:18,22:54
賀来 発,06:19,07:05,07:29,07:48,08:08,08:34,08:43,09:31,10:17,,10:54,11:26,12:16,12:58,,14:38,,16:04,16:52,17:19,17:51,18:21,18:50,19:18,19:50,20:04,20:39,20:54,21:15,,21:55,22:19,22:55
南大分 着,06:21,07:08,07:33,07:51,08:11,08:37,08:47,09:34,10:20,,10:57,11:29,12:18,13:01,,14:41,,16:07,16:55,17:22,17:55,18:24,18:52,19:21,19:53,20:07,20:43,20:57,21:18,,21:58,22:21,22:57
南大分 発,06:22,07:09,07:33,07:51,08:11,08:38,08:48,09:35,10:21,,10:58,11:29,12:19,13:01,,14:42,,16:08,16:56,17:23,17:55,18:25,18:57,19:22,19:54,20:07,20:43,20:58,21:18,,21:59,22:22,23:00
古国府 着,06:25,07:12,07:36,07:54,08:14,08:40,08:51,09:38,10:23,,11:01,11:32,12:22,13:04,,14:45,,16:11,16:58,17:26,17:58,18:28,19:00,19:25,19:57,20:10,20:47,21:01,21:21,,22:02,22:25,23:03
古国府 発,06:25,07:13,07:37,07:55,08:15,08:41,08:52,09:38,10:24,,11:01,11:33,12:22,13:05,,14:45,,16:11,16:59,17:27,17:59,18:28,19:01,19:25,19:57,20:11,20:47,21:01,21:22,,22:02,22:25,23:04
大分 着,06:30,07:18,07:42,08:00,08:20,08:46,08:57,09:43,10:29,10:49,11:06,11:37,12:27,13:09,13:18,14:51,15:29,16:16,17:03,17:32,18:04,18:33,19:06,19:30,20:02,20:15,20:52,21:06,21:27,21:38,22:07,22:30,23:09
大分 発,,,,,,,,,,10:53,,,,,13:20,,15:34,,,,,,,,,,,,,,,,
