,特急,普通,特急,普通,普通,特急,普通,普通,普通,特急,普通,普通,普通,普通,特急,普通,特急,普通,普通,特急,特急,普通,普通,特急,特急,普通,特急,普通,特急,特急,普通,特急,普通,特急,特急,普通,特急,普通,特急,普通,特急,普通,普通,特急,特急,特急,普通,普通,特急,普通,普通,特急,普通,特急,普通,特急,特急,普通,普通,特急,普通,普通,特急,普通,特急,普通,特急,特急,普通,普通,特急,普通,普通,特急,普通,普通,特急,普通,特急,普通,普通,特急,普通,普通,普通,普通,特急,普通,普通,特急,普通,普通,普通,普通,特急,普通
,ソニック 2号,,ソニック 4号,,,ソニック 6号,,,,ソニック 8号,,,,,ソニック 10号,,ソニック 12号,,,にちりん 102号,ソニック 14号,,,にちりん 2号,ソニック 16号,,ソニック 18号,,にちりん 4号,ソニック 20号,,ソニック 22号,,にちりん 6号,ソニック 24号,,ソニック 26号,,ソニック 28号,,ソニック 30号,,,ソニック 32号,にちりん 8号,ソニック 34号,,,ソニック 36号,,,ソニック 38号,,ソニック 40号,,にちりん 10号,ソニック 42号,,,ソニック 44号,,,ソニック 46号,,ソニック 48号,,にちりん 12号,ソニック 50号,,,ソニック 52号,,,ソニック 54号,,,ソニック 56号,,にちりんシーガイア 14号,,,ソニック 58号,,,,,にちりん 16号,,,ソニック 60号,,,,,ソニック 102号,
,博多,柳ケ浦,博多,日出,中津,博多,大分,亀川,大分,博多,杵築,亀川,中津,大分,博多,中山香,博多,亀川,亀川,大分,博多,中津,大分,大分,博多,中津,博多,大分,大分,博多,亀川,博多,日出,大分,博多,杵築,博多,中津,博多,亀川,博多,大分,日出,博多,大分,博多,杵築,大分,博多,日出,中山香,博多,中津,博多,亀川,大分,博多,柳ケ浦,杵築,博多,亀川,大神,博多,中山香,博多,亀川,大分,博多,中津,大分,博多,中山香,亀川,博多,中津,大神,博多,中山香,博多,亀川,大分,博多,小倉,大分,大分,亀川,小倉,中山香,大分,博多,大分,亀川,中津,日出,中津,中山香
,3002M,620M,3004M,622M,4620M,3006M,1620M,4622M,1622M,3008M,624M,626M,1624M_628M,1626M,3010M,4624M,3012M,4626M,4628M,5092M,3014M,4630M,1628M,5002M,3016M,4632M,3018M,1630M,5004M,3020M,4634M,3022M,4636M,5006M,3024M,4638M,3026M,4640M,3028M,630M,3030M,1632M,4642M,3032M,5008M,3034M,632M,1634M,3036M,634M,4644M,3038M,4646M,3040M,4648M,5010M,3042M,640M,4650M,3044M,642M,4652M,3046M,4654M,3048M,4656M,5012M,3050M,4658M,1636M,3052M,646M,4660M,3054M,648M,4662M,3056M,4664M,5014M,4666M,1640M,3058M,2574M,1642M,1644M,650M,5016M,652M,1646M,3060M,1648M,654M,656M,4668M,3092M,4670M
,毎日運転,毎日運転,毎日運転,毎日運転,毎日運転,毎日運転,毎日運転,土曜・休日運休,毎日運転,毎日運転,毎日運転,土曜・休日運休,毎日運転,土曜・休日運休,毎日運転,毎日運転,毎日運転,土曜・休日運休,毎日運転,毎日運転,毎日運転,毎日運転,毎日運転,毎日運転,毎日運転,毎日運転,毎日運転,毎日運転,平日運転,毎日運転,毎日運転,毎日運転,毎日運転,毎日運転,毎日運転,毎日運転,毎日運転,毎日運転,毎日運転,毎日運転,毎日運転,毎日運転,毎日運転,毎日運転,毎日運転,毎日運転,毎日運転,毎日運転,毎日運転,毎日運転,毎日運転,毎日運転,毎日運転,毎日運転,毎日運転,毎日運転,毎日運転,毎日運転,毎日運転,毎日運転,毎日運転,毎日運転,毎日運転,毎日運転,毎日運転,毎日運転,毎日運転,毎日運転,毎日運転,毎日運転,毎日運転,毎日運転,毎日運転,毎日運転,毎日運転,毎日運転,毎日運転,毎日運転,毎日運転,毎日運転,毎日運転,毎日運転,毎日運転,毎日運転,毎日運転,毎日運転,毎日運転,毎日運転,毎日運転,毎日運転,毎日運転,毎日運転,毎日運転,毎日運転,毎日運転,毎日運転
宮崎空港,,,,,,,,,,,,,,,,,,,,,,,,,,,,,,,,,,,,,,,,,,,,,,,,,,,,,,,,,,,,,,,,,,,,,,,,,,,,,,,,,,,,,,,,,,,,,,,,
宮崎空港,,,,,,,,,,,,,,,,,,,,,,,,,,,,,06:43,,,,,,,,,,,,,,,,10:13,,,,,,,,,,,12:14,,,,,,,,,,,14:20,,,,,,,,,,,,16:15,,,,,,,,17:17,,,,,,,,,
南宮崎,,,,,,,,,,,,,,,,,,,,,,,,,,,,,06:47,,,,,,,,,,,,,,,,10:18,,,,,,,,,,,12:19,,,,,,,,,,,14:27,,,,,,,,,,,,16:22,,,,,,,,17:21,,,,,,,,,
南宮崎,,,,,,,,,,,,,,,,,,,,,,,,05:47,,,,,06:50,,,,,,,,,,,,,,,,10:24,,,,,,,,,,,12:21,,,,,,,,,,,14:31,,,,,,,,,,,,16:32,,,,,,,,17:25,,,,,,,,,
宮崎,,,,,,,,,,,,,,,,,,,,,,,,05:50,,,,,06:54,,,,,,,,,,,,,,,,10:28,,,,,,,,,,,12:24,,,,,,,,,,,14:35,,,,,,,,,,,,16:36,,,,,,,,17:29,,,,,,,,,
宮崎,,,,,,,,,,,,,,,,,,,,,,,,05:54,,,,,06:58,,,,,08:10,,,,,,,,,,,10:29,,,,,,,,,,,12:25,,,,,,,,,,,14:36,,,,,,,,,,,,16:37,,,,,,,,17:30,,,,,,,,,
宮崎神宮,,,,,,,,,,,,,,,,,,,,,,,,,,,,,07:00,,,,,,,,,,,,,,,,,,,,,,,,,,,,,,,,,,,,,,,,,,,,,,,,,,,,,,,,,,,,,,,,,,,
宮崎神宮,,,,,,,,,,,,,,,,,,,,,,,,,,,,,07:01,,,,,,,,,,,,,,,,,,,,,,,,,,,,,,,,,,,,,,,,,,,,,,,,,,,,,,,,,,,,,,,,,,,
佐土原,,,,,,,,,,,,,,,,,,,,,,,,06:03,,,,,07:09,,,,,08:20,,,,,,,,,,,10:38,,,,,,,,,,,12:36,,,,,,,,,,,14:45,,,,,,,,,,,,16:49,,,,,,,,17:40,,,,,,,,,
佐土原,,,,,,,,,,,,,,,,,,,,,,,,06:04,,,,,07:10,,,,,08:20,,,,,,,,,,,10:39,,,,,,,,,,,12:38,,,,,,,,,,,14:46,,,,,,,,,,,,16:50,,,,,,,,17:41,,,,,,,,,
高鍋,,,,,,,,,,,,,,,,,,,,,,,,06:13,,,,,07:19,,,,,08:29,,,,,,,,,,,10:48,,,,,,,,,,,12:47,,,,,,,,,,,14:55,,,,,,,,,,,,16:59,,,,,,,,17:50,,,,,,,,,
高鍋,,,,,,,,,,,,,,,,,,,,,,,,06:14,,,,,07:19,,,,,08:30,,,,,,,,,,,10:50,,,,,,,,,,,12:49,,,,,,,,,,,14:57,,,,,,,,,,,,17:01,,,,,,,,17:52,,,,,,,,,
都農,,,,,,,,,,,,,,,,,,,,,,,,,,,,,,,,,,,,,,,,,,,,,,,,,,,,,,,,,,,,,,,,,,,,,,,,,,,,,,,,,,,,,,,18:03,,,,,,,,,
都農,,,,,,,,,,,,,,,,,,,,,,,,,,,,,,,,,,,,,,,,,,,,,,,,,,,,,,,,,,,,,,,,,,,,,,,,,,,,,,,,,,,,,,,18:09,,,,,,,,,
日向市,,,,,,,,,,,,,,,,,,,,,,,,06:40,,,,,07:44,,,,,08:56,,,,,,,,,,,11:20,,,,,,,,,,,13:14,,,,,,,,,,,15:21,,,,,,,,,,,,17:25,,,,,,,,18:25,,,,,,,,,
日向市,,,,,,,,,,,,,,,,,,,,,,,,06:41,,,,,07:45,,,,,08:56,,,,,,,,,,,11:21,,,,,,,,,,,13:15,,,,,,,,,,,15:22,,,,,,,,,,,,17:25,,,,,,,,18:25,,,,,,,,,
門川,,,,,,,,,,,,,,,,,,,,,,,,06:47,,,,,07:51,,,,,,,,,,,,,,,,,,,,,,,,,,,,,,,,,,,,,,,,,,,,,,,,,,,,,,,,,,18:31,,,,,,,,,
門川,,,,,,,,,,,,,,,,,,,,,,,,06:48,,,,,07:52,,,,,,,,,,,,,,,,,,,,,,,,,,,,,,,,,,,,,,,,,,,,,,,,,,,,,,,,,,18:33,,,,,,,,,
南延岡,,,,,,,,,,,,,,,,,,,,,,,,06:55,,,,,08:00,,,,,09:09,,,,,,,,,,,11:34,,,,,,,,,,,13:32,,,,,,,,,,,15:35,,,,,,,,,,,,17:38,,,,,,,,18:41,,,,,,,,,
南延岡,,,,,,,,,,,,,,,,,,,,,,,,06:56,,,,,08:01,,,,,09:09,,,,,,,,,,,11:35,,,,,,,,,,,13:33,,,,,,,,,,,15:36,,,,,,,,,,,,17:39,,,,,,,,18:42,,,,,,,,,
延岡,,,,,,,,,,,,,,,,,,,,,,,,07:00,,,,,08:05,,,,,09:13,,,,,,,,,,,11:39,,,,,,,,,,,13:37,,,,,,,,,,,15:40,,,,,,,,,,,,17:43,,,,,,,,18:45,,,,,,,,,
延岡,,,,,,,,,,,,,,,,,,,,,,,,07:03,,,,,08:06,,,,,09:15,,,,,,,,,,,11:41,,,,,,,,,,,13:39,,,,,,,,,,,15:43,,,,,,,,,,,,17:44,,,,,,,,18:47,,,,,,,,,
佐伯,,,,,,,,,,,,,,,,,,,,,,,,08:03,,,,,09:03,,,,,10:11,,,,,,,,,,,12:37,,,,,,,,,,,14:39,,,,,,,,,,,16:39,,,,,,,,,,,,18:41,,,,,,,,19:50,,,,,,,,,
佐伯,,,,,,,,,05:49,,,,,,,06:34,06:58,,07:08,07:33,,,07:49,08:04,,,,,09:04,,,,09:27,10:12,,,,,,,,,11:42,,12:41,,,,,,13:08,,,,,14:40,,,,,,15:11,,,,16:02,16:40,,,,,,17:00,,,,,17:59,18:42,,,,,18:57,19:26,,19:51,,,,20:17,,,21:16,,21:55
海崎,,,,,,,,,05:52,,,,,,,06:37,,,07:11,,,,07:52,,,,,,,,,,09:30,,,,,,,,,,11:45,,,,,,,,13:11,,,,,,,,,,,15:14,,,,16:05,,,,,,,17:04,,,,,18:02,,,,,,19:01,19:29,,,,,,20:21,,,21:19,,21:58
海崎,,,,,,,,,05:53,,,,,,,06:38,,,07:12,,,,07:53,,,,,,,,,,09:31,,,,,,,,,,11:46,,,,,,,,13:12,,,,,,,,,,,15:14,,,,16:06,,,,,,,17:04,,,,,18:05,,,,,,19:01,19:30,,,,,,20:21,,,21:20,,21:59
狩生,,,,,,,,,05:56,,,,,,,06:41,,,07:15,,,,07:56,,,,,,,,,,09:34,,,,,,,,,,11:49,,,,,,,,13:15,,,,,,,,,,,15:17,,,,16:09,,,,,,,17:08,,,,,18:08,,,,,,19:04,19:33,,,,,,20:25,,,21:23,,22:02
狩生,,,,,,,,,05:56,,,,,,,06:41,,,07:15,,,,07:56,,,,,,,,,,09:34,,,,,,,,,,11:49,,,,,,,,13:16,,,,,,,,,,,15:18,,,,16:09,,,,,,,17:11,,,,,18:09,,,,,,19:05,19:34,,,,,,20:25,,,21:23,,22:03
浅海井,,,,,,,,,06:00,,,,,,,06:45,,,07:19,,,,08:00,,,,,,,,,,09:38,,,,,,,,,,11:54,,,,,,,,13:20,,,,,,,,,,,15:22,,,,16:13,,,,,,,17:15,,,,,18:13,,,,,,19:09,19:38,,,,,,20:29,,,21:28,,22:07
浅海井,,,,,,,,,06:01,,,,,,,06:46,,,07:20,,,,08:01,,,,,,,,,,09:39,,,,,,,,,,11:54,,,,,,,,13:20,,,,,,,,,,,15:23,,,,16:14,,,,,,,17:15,,,,,18:13,,,,,,19:09,19:38,,,,,,20:30,,,21:28,,22:08
日代,,,,,,,,,06:05,,,,,,,06:50,,,07:24,,,,08:05,,,,,,,,,,09:43,,,,,,,,,,11:58,,,,,,,,13:24,,,,,,,,,,,15:27,,,,16:18,,,,,,,17:19,,,,,18:17,,,,,,19:13,19:42,,,,,,20:34,,,21:32,,22:12
日代,,,,,,,,,06:05,,,,,,,06:50,,,07:24,,,,08:05,,,,,,,,,,09:43,,,,,,,,,,11:59,,,,,,,,13:25,,,,,,,,,,,15:27,,,,16:18,,,,,,,17:20,,,,,18:18,,,,,,19:14,19:43,,,,,,20:34,,,21:33,,22:12
津久見,,,,,,,,,06:10,,,,,,,06:56,07:18,,07:29,07:51,,,08:10,08:24,,,,,09:25,,,,09:49,10:29,,,,,,,,,12:04,,13:00,,,,,,13:30,,,,,15:01,,,,,,15:33,,,,16:23,16:58,,,,,,17:25,,,,,18:23,18:59,,,,,19:19,19:48,,20:08,,,,20:40,,,21:38,,22:17
津久見,,,,,,,,,06:11,,,,,,,06:58,07:19,,07:30,07:52,,,08:11,08:25,,,,,09:26,,,,09:49,10:30,,,,,,,,,12:05,,13:01,,,,,,13:31,,,,,15:02,,,,,,15:33,,,,16:25,16:59,,,,,,17:26,,,,,18:23,18:59,,,,,19:19,19:50,,20:09,,,,20:40,,,21:44,,22:18
臼杵,,,,,,,,,06:20,,,,,,,07:07,07:27,,07:39,08:01,,,08:20,08:34,,,,,09:35,,,,09:59,10:39,,,,,,,,,12:14,,13:10,,,,,,13:39,,,,,15:11,,,,,,15:42,,,,16:34,17:08,,,,,,17:35,,,,,18:33,19:08,,,,,19:28,19:59,,20:18,,,,20:49,,,21:53,,22:29
臼杵,,,,,,,06:03,,06:21,,,,,06:52,,07:10,07:29,,07:42,08:02,,,08:21,08:35,,08:44,,,09:37,,09:42,,10:11,10:39,,,,11:15,,,,,12:24,,13:11,,,,,,13:40,,14:14,,14:41,15:11,,,,,,15:44,,,,16:35,17:09,,,,,,17:40,,,,,18:42,19:09,,,,,19:38,20:01,,20:20,,20:32,,20:53,,,21:53,,22:35
上臼杵,,,,,,,06:05,,06:23,,,,,06:54,,07:12,,,07:44,,,,08:23,,,08:46,,,,,09:44,,10:13,,,,,11:17,,,,,12:27,,,,,,,,13:42,,14:16,,14:43,,,,,,,15:46,,,,16:38,,,,,,,17:42,,,,,18:44,,,,,,19:40,20:03,,,,20:34,,20:56,,,21:55,,22:37
上臼杵,,,,,,,06:06,,06:23,,,,,06:55,,07:12,,,07:45,,,,08:23,,,08:47,,,,,09:45,,10:14,,,,,11:18,,,,,12:27,,,,,,,,13:42,,14:16,,14:44,,,,,,,15:47,,,,16:38,,,,,,,17:43,,,,,18:45,,,,,,19:41,20:03,,,,20:35,,20:56,,,21:56,,22:38
熊崎,,,,,,,06:09,,06:27,,,,,06:58,,07:15,,,07:48,,,,08:26,,,08:50,,,,,09:48,,10:17,,,,,11:21,,,,,12:30,,,,,,,,13:45,,14:19,,14:47,,,,,,,15:50,,,,16:41,,,,,,,17:46,,,,,18:48,,,,,,19:44,20:06,,,,20:38,,20:59,,,21:59,,22:41
熊崎,,,,,,,06:09,,06:27,,,,,06:59,,07:16,,,07:49,,,,08:27,,,08:53,,,,,09:48,,10:18,,,,,11:21,,,,,12:33,,,,,,,,13:46,,14:20,,14:47,,,,,,,15:50,,,,16:42,,,,,,,17:46,,,,,18:48,,,,,,19:44,20:07,,,,20:39,,21:00,,,21:59,,22:42
下ノ江,,,,,,,06:13,,06:31,,,,,07:02,,07:19,,,07:53,,,,08:30,,,08:57,,,,,09:52,,10:21,,,,,11:25,,,,,12:37,,,,,,,,13:49,,14:23,,14:51,,,,,,,15:54,,,,16:46,,,,,,,17:50,,,,,18:52,,,,,,19:48,20:10,,,,20:42,,21:03,,,22:03,,22:46
下ノ江,,,,,,,06:14,,06:33,,,,,07:03,,07:20,,,07:53,,,,08:31,,,08:57,,,,,09:52,,10:22,,,,,11:25,,,,,12:37,,,,,,,,13:50,,14:24,,14:51,,,,,,,15:54,,,,16:47,,,,,,,17:51,,,,,18:52,,,,,,19:48,20:11,,,,20:46,,21:04,,,22:04,,22:46
佐志生,,,,,,,06:17,,06:36,,,,,07:06,,07:23,,,07:56,,,,08:34,,,09:01,,,,,09:55,,10:25,,,,,11:28,,,,,12:40,,,,,,,,13:53,,14:27,,14:54,,,,,,,15:57,,,,16:50,,,,,,,17:54,,,,,18:55,,,,,,19:51,20:14,,,,20:50,,21:07,,,22:07,,22:50
佐志生,,,,,,,06:17,,06:37,,,,,07:06,,07:26,,,07:57,,,,08:34,,,09:01,,,,,09:56,,10:28,,,,,11:32,,,,,12:41,,,,,,,,13:53,,14:31,,14:55,,,,,,,15:58,,,,16:50,,,,,,,17:56,,,,,18:56,,,,,,19:51,20:14,,,,20:50,,21:07,,,22:07,,22:50
幸崎,,,,,,,06:24,,06:43,,,,,07:13,,07:32,07:49,,08:03,08:17,,,08:41,,,09:08,,,,,10:02,,10:34,,,,,11:39,,,,,12:47,,,,,,,,14:00,,14:37,,15:01,,,,,,,16:04,,,,16:57,,,,,,,18:02,,,,,19:03,,,,,,19:58,20:21,,,,20:57,,21:14,,,22:14,,22:57
幸崎,,,,,06:09,,06:24,,06:44,,,,07:08,07:18,,07:35,07:50,,08:04,08:18,,08:24,08:41,,,09:08,,09:27,,,10:03,,10:35,,,11:09,,11:39,,,,12:25,12:49,,,,,13:35,,,14:00,,14:38,,15:02,,,,15:40,,,16:07,,,,16:57,,,,17:39,,,18:03,,,18:40,,19:05,,19:29,19:43,,,19:58,20:22,,,,20:58,,21:14,,,22:14,,22:57
坂ノ市,,,,,06:13,,06:28,,06:48,,,,07:12,07:22,,07:39,,,08:08,,,08:28,08:45,,,09:12,,09:31,,,10:07,,10:39,,,11:13,,11:43,,,,12:29,12:53,,,,,13:39,,,14:04,,14:42,,15:06,,,,15:44,,,16:11,,,,17:01,,,,17:43,,,18:07,,,18:44,,19:09,,19:33,19:47,,,20:02,20:26,,,,21:02,,21:18,,,22:18,,23:02
坂ノ市,,,,,06:14,,06:29,,06:49,,,,07:13,07:23,,07:40,,,08:13,,,08:31,08:46,,,09:13,,09:32,,,10:08,,10:40,,,11:14,,11:44,,,,12:30,12:54,,,,,13:40,,,14:05,,14:43,,15:07,,,,15:45,,,16:12,,,,17:07,,,,17:44,,,18:08,,,18:45,,19:10,,19:34,19:48,,,20:03,20:27,,,,21:03,,21:19,,,22:19,,23:06
大在,,,,,06:17,,06:33,,06:53,,,,07:17,07:26,,07:44,07:56,,08:16,08:24,,08:35,08:49,,,09:16,,09:35,,,10:11,,10:43,,,11:17,,11:48,,,,12:33,12:57,,,,,13:44,,,14:09,,14:47,,15:10,,,,15:49,,,16:15,,,,17:11,,,,17:47,,,18:12,,,18:48,,19:14,,19:37,19:51,,,20:07,20:30,,,,21:06,,21:23,,,22:22,,23:09
大在,,,,,06:17,,06:33,06:43,06:53,,,,07:17,07:27,,07:44,07:57,08:01,08:17,08:28,,08:36,08:50,,,09:17,,09:36,,,10:11,,10:43,,,11:20,,11:48,,,,12:34,12:58,,,,,13:44,,,14:09,,14:47,,15:10,,,,15:49,,,16:18,,16:49,,17:18,,,17:33,17:48,,,18:17,,,18:48,,19:14,,19:38,19:52,,,20:07,20:31,,,,21:07,,21:26,,,22:23,,23:10
鶴崎,,,,,06:21,,06:37,06:46,06:57,,,,07:21,07:30,,07:48,08:00,08:04,08:20,08:31,,08:39,08:53,09:01,,09:20,,09:39,09:59,,10:15,,10:46,11:01,,11:24,,11:52,,,,12:37,13:01,,13:32,,,13:47,,,14:13,,14:51,,15:13,15:35,,,15:52,,,16:22,,16:52,,17:21,17:31,,17:36,17:51,,,18:21,,,18:52,,19:18,19:34,19:41,19:55,,,20:11,20:34,,20:45,,21:10,,21:30,,,22:26,,23:13
鶴崎,,,,,06:21,,06:37,06:47,06:58,,,,07:22,07:31,,07:50,08:01,08:05,08:23,08:32,,08:40,08:53,09:02,,09:25,,09:39,10:00,,10:15,,10:47,11:02,,11:25,,11:52,,,,12:38,13:01,,13:33,,,13:48,,,14:13,,14:52,,15:14,15:36,,,15:54,,,16:22,,16:53,,17:22,17:32,,17:37,17:52,,,18:22,,,18:53,,19:18,19:34,19:41,19:55,,,20:11,20:35,,20:46,,21:10,,21:30,,,22:29,,23:13
高城,,,,,06:24,,06:40,06:50,07:01,,,,07:25,07:34,,07:53,,08:08,08:26,,,08:42,08:57,,,09:28,,09:42,,,10:18,,10:49,,,11:28,,11:55,,,,12:41,13:04,,,,,13:51,,,14:16,,14:54,,15:17,,,,15:57,,,16:26,,16:56,,17:25,,,17:40,17:55,,,18:25,,,18:56,,19:21,,19:44,19:59,,,20:14,20:38,,,,21:14,,21:33,,,22:32,,23:16
高城,,,,,06:25,,06:42,06:50,07:04,,,,07:27,07:35,,07:54,,08:09,08:27,,,08:43,08:57,,,09:29,,09:42,,,10:19,,10:50,,,11:31,,11:56,,,,12:41,13:05,,,,,13:52,,,14:17,,14:55,,15:17,,,,15:58,,,16:30,,16:56,,17:28,,,17:41,17:56,,,18:29,,,18:56,,19:22,,19:49,19:59,,,20:24,20:39,,,,21:19,,21:33,,,22:32,,23:17
牧,,,,,06:28,,06:44,06:53,07:07,,,,07:29,07:37,,07:56,,08:11,08:29,,,08:45,08:59,,,09:31,,09:44,,,10:21,,10:52,,,11:33,,11:58,,,,12:44,13:07,,,,,13:54,,,14:19,,14:57,,15:19,,,,16:00,,,16:32,,16:58,,17:30,,,17:43,17:58,,,18:31,,,18:58,,19:24,,19:51,20:02,,,20:26,20:41,,,,21:21,,21:35,,,22:34,,23:19
牧,,,,,06:28,,06:45,06:53,07:07,,,,07:30,07:38,,07:57,,08:11,08:29,,,08:45,09:00,,,09:32,,09:45,,,10:21,,10:52,,,11:34,,11:59,,,,12:44,13:07,,,,,13:55,,,14:19,,14:57,,15:20,,,,16:00,,,16:32,,16:59,,17:31,,,17:44,17:58,,,18:32,,,18:59,,19:24,,19:52,20:02,,,20:27,20:41,,,,21:21,,21:36,,,22:35,,23:20
大分,,,,,06:32,,06:49,06:57,07:11,,,,07:34,07:42,,08:01,08:08,08:15,08:33,08:39,,08:49,09:04,09:09,,09:36,,09:49,10:07,,10:25,,10:56,11:09,,11:38,,12:03,,,,12:49,13:11,,13:41,,,13:59,,,14:23,,15:02,,15:24,15:43,,,16:04,,,16:37,,17:03,,17:35,17:41,,17:48,18:02,,,18:36,,,19:02,,19:28,19:41,19:56,20:06,,,20:31,20:45,,20:53,,21:25,,21:40,,,22:39,,23:24
大分,05:12,05:34,05:56,06:12,06:44,06:37,,07:02,,07:13,07:15,07:30,7:48,,07:46,08:03,08:10,08:19,08:45,,08:42,09:14,,,09:10,09:58,09:39,,,10:12,10:34,10:44,11:04,,11:10,11:52,11:44,12:15,12:10,12:30,12:44,,13:15,13:12,,13:44,13:54,,14:11,14:14,14:35,14:44,15:04,15:11,15:27,,15:44,15:51,16:14,16:10,16:30,16:50,16:44,17:14,17:10,17:37,,17:44,17:52,,18:12,18:21,18:37,18:43,18:48,19:23,19:11,19:34,19:43,19:58,,20:12,20:20,,,20:48,20:55,21:12,,21:30,,21:41,22:15,22:50,22:56,23:30
西大分,,05:37,,06:15,06:47,,,07:05,,,07:18,07:33,07:51,,,08:06,,08:22,08:48,,,09:17,,,,10:01,,,,,10:37,,11:07,,,11:55,,12:19,,12:33,,,13:18,,,,13:57,,,14:17,14:38,,15:07,,15:30,,,15:54,16:17,,16:33,16:53,,17:17,,17:40,,,17:56,,,18:25,18:40,,18:51,19:26,,19:37,,20:01,,,20:23,,,20:51,,21:15,,,,21:44,22:18,22:53,,23:33
西大分,,05:37,,06:15,06:48,,,07:05,,,07:19,07:34,07:51,,,08:07,,08:23,08:48,,,09:17,,,,10:02,,,,,10:37,,11:07,,,11:56,,12:19,,12:34,,,13:19,,,,13:57,,,14:17,14:38,,15:07,,15:31,,,15:54,16:18,,16:33,16:53,,17:18,,17:40,,,17:56,,,18:25,18:40,,18:52,19:26,,19:37,,20:02,,,20:24,,,20:51,,21:16,,,,21:45,22:19,22:54,,23:33
東別府,,05:43,,06:21,06:53,,,07:11,,,07:24,07:39,07:57,,,08:12,,08:28,08:54,,,09:23,,,,10:07,,,,,10:43,,11:13,,,12:01,,12:25,,12:40,,,13:24,,,,14:03,,,14:23,14:44,,15:13,,15:36,,,16:00,16:23,,16:39,16:59,,17:23,,17:46,,,18:02,,,18:31,18:46,,18:58,19:32,,19:43,,20:07,,,20:29,,,20:57,,21:21,,,,21:51,22:24,22:59,,23:39
東別府,,05:43,,06:21,06:54,,,07:11,,,07:25,07:40,07:57,,,08:13,,08:29,08:54,,,09:23,,,,10:08,,,,,10:44,,11:13,,,12:02,,12:25,,12:40,,,13:25,,,,14:03,,,14:24,14:44,,15:14,,15:37,,,16:00,16:24,,16:39,16:59,,17:24,,17:47,,,18:02,,,18:31,18:46,,18:58,19:32,,19:43,,20:08,,,20:30,,,20:57,,21:22,,,,21:51,22:25,23:00,,23:39
別府,05:20,05:45,06:04,06:24,06:56,06:45,,07:14,,07:21,07:28,07:42,07:59,,07:54,08:15,08:18,08:31,08:57,,08:50,09:26,,,09:18,10:10,09:47,,,10:20,10:46,10:52,11:16,,11:18,12:04,11:51,12:28,12:18,12:43,12:52,,13:27,13:20,,13:52,14:06,,14:19,14:26,14:47,14:52,15:16,15:19,15:39,,15:51,16:02,16:26,16:18,16:42,17:02,16:52,17:26,17:18,17:49,,17:52,18:05,,18:20,18:33,18:49,18:52,19:01,19:35,19:19,19:46,19:52,20:10,,20:20,20:32,,,21:00,21:04,21:24,,21:38,,21:53,22:27,23:02,23:05,23:42
別府,05:21,05:46,06:04,06:24,06:57,06:46,,07:14,,07:22,07:28,07:43,08:00,,07:55,08:22,08:19,08:31,08:57,,08:51,09:26,,,09:18,10:11,09:48,,,10:20,10:47,10:53,11:22,,11:19,12:05,11:52,12:28,12:18,12:43,12:52,,13:28,13:20,,13:53,14:06,,14:19,14:27,14:47,14:53,15:22,15:20,15:40,,15:52,16:03,16:26,16:18,16:42,17:02,16:52,17:27,17:18,17:56,,17:53,18:05,,18:21,18:34,18:55,18:52,19:01,19:35,19:19,19:46,19:53,20:11,,20:20,20:33,,,21:07,21:04,21:24,,21:38,,21:54,22:27,23:08,23:06,23:43
別府大学,,05:49,,06:28,07:00,,,07:18,,,07:31,07:47,08:03,,,08:26,,08:35,09:01,,,09:30,,,,10:14,,,,,10:50,,11:25,,,12:08,,12:32,,12:47,,,13:32,,,,14:10,,,14:31,14:51,,15:26,,15:43,,,16:06,16:30,,16:46,17:06,,17:31,,18:00,,,18:09,,,18:37,18:59,,19:05,19:39,,19:50,,20:14,,,20:36,,,21:11,,21:28,,,,21:57,22:31,23:11,,23:46
別府大学,,05:50,,06:28,07:01,,,07:19,,,07:32,07:47,08:04,,,08:26,,08:35,09:01,,,09:30,,,,10:15,,,,,10:51,,11:26,,,12:09,,12:32,,12:47,,,13:32,,,,14:10,,,14:31,14:51,,15:26,,15:44,,,16:07,16:31,,16:46,17:06,,17:31,,18:00,,,18:10,,,18:38,19:00,,19:05,19:39,,19:50,,20:15,,,20:37,,,21:11,,21:28,,,,21:58,22:31,23:12,,23:47
亀川,,05:52,,06:31,07:03,,,07:22,,07:27,07:35,07:50,08:06,,,08:29,,08:39,09:04,,,09:33,,,09:23,10:18,,,,,10:54,,11:28,,,12:11,,12:35,12:23,12:50,,,13:35,,,,14:13,,,14:34,14:54,,15:29,,15:47,,,16:09,16:33,16:23,16:49,17:09,,17:34,17:23,18:03,,,18:12,,,18:40,19:03,,19:08,19:42,19:24,19:53,,20:18,,,20:39,,,21:14,,21:31,,,,22:01,22:34,23:14,23:10,23:49
亀川,,05:53,,06:31,07:04,,,,,07:27,07:35,,08:07,,,08:30,,,,,,09:33,,,09:23,10:27,,,,,,,11:29,,,12:12,,12:35,12:23,,,,13:35,,,,14:13,,,14:34,14:59,,15:29,,,,,16:10,16:34,16:23,,17:09,,17:35,17:23,,,,18:13,,,18:41,,,19:08,19:42,19:24,20:00,,,,,20:39,,,,,21:31,,,,,22:34,23:15,23:11,23:49
豊後豊岡,,05:56,,06:35,07:07,,,,,,07:38,,08:10,,,08:33,,,,,,09:37,,,,10:30,,,,,,,11:32,,,12:15,,12:38,,,,,13:39,,,,14:16,,,14:37,15:03,,15:32,,,,,16:13,16:37,,,17:12,,17:38,,,,,18:16,,,18:44,,,19:12,19:45,,20:03,,,,,20:43,,,,,21:34,,,,,22:37,23:18,,23:53
豊後豊岡,,05:56,,06:35,07:07,,,,,,07:39,,08:10,,,08:34,,,,,,09:37,,,,10:31,,,,,,,11:32,,,12:16,,12:39,,,,,13:39,,,,14:17,,,14:38,15:03,,15:33,,,,,16:13,16:38,,,17:13,,17:38,,,,,18:16,,,18:44,,,19:12,19:46,,20:04,,,,,20:43,,,,,21:35,,,,,22:38,23:18,,23:53
暘谷,,05:59,,06:38,07:10,,,,,,07:41,,08:13,,,08:37,,,,,,09:40,,,,10:34,,,,,,,11:35,,,12:19,,12:42,,,,,13:42,,,,14:20,,,14:41,15:06,,15:35,,,,,16:16,16:41,,,17:16,,17:41,,,,,18:19,,,18:47,,,19:16,19:49,,20:06,,,,,20:46,,,,,21:37,,,,,22:40,23:21,,23:56
暘谷,,06:00,,06:39,07:11,,,,,,07:42,,08:13,,,08:37,,,,,,09:41,,,,10:34,,,,,,,11:36,,,12:20,,12:42,,,,,13:43,,,,14:20,,,14:41,15:06,,15:36,,,,,16:16,16:41,,,17:16,,17:42,,,,,18:20,,,18:48,,,19:16,19:49,,20:07,,,,,20:47,,,,,21:38,,,,,22:41,23:22,,23:57
日出,,06:01,,06:41,07:13,,,,,,07:43,,08:15,,,08:39,,,,,,09:42,,,,10:36,,,,,,,11:38,,,12:22,,12:44,,,,,13:45,,,,14:22,,,14:43,15:08,,15:37,,,,,16:18,16:43,,,17:18,,17:44,,,,,18:22,,,18:50,,,19:18,19:51,,20:08,,,,,20:48,,,,,21:39,,,,,22:42,23:24,,23:58
日出,,06:02,,,07:13,,,,,,07:44,,08:15,,,08:39,,,,,,09:45,,,,10:37,,,,,,,,,,12:22,,12:44,,,,,,,,,14:23,,,,15:08,,15:38,,,,,16:20,16:44,,,17:19,,17:47,,,,,18:22,,,18:53,,,19:19,19:56,,20:09,,,,,20:49,,,,,21:40,,,,,22:43,,,23:59
大神,,06:05,,,07:17,,,,,,07:48,,08:19,,,08:44,,,,,,09:48,,,,10:41,,,,,,,,,,12:26,,12:48,,,,,,,,,14:26,,,,15:13,,15:42,,,,,16:23,16:47,,,17:23,,17:51,,,,,18:26,,,18:57,,,19:24,20:00,,20:12,,,,,20:53,,,,,21:43,,,,,22:46,,,00:02
大神,,06:06,,,07:18,,,,,,07:51,,08:22,,,08:46,,,,,,09:49,,,,10:45,,,,,,,,,,12:26,,12:48,,,,,,,,,14:27,,,,15:20,,15:43,,,,,16:24,16:48,,,,,17:51,,,,,18:26,,,18:57,,,19:24,,,20:13,,,,,20:53,,,,,21:44,,,,,22:47,,,00:03
杵築,05:34,06:09,06:18,,07:22,07:00,,,,07:38,07:55,,08:27,,08:10,08:50,08:32,,,,,09:53,,,09:34,10:50,,,,10:34,,,,,11:32,12:30,,12:52,12:34,,,,,13:33,,,14:30,,14:34,,15:24,,15:47,15:33,,,,16:28,16:52,16:33,,,,17:55,17:33,,,,18:30,,18:34,19:01,,,19:29,,19:36,20:17,,,,20:33,20:58,,,,21:19,21:48,,21:52,,,22:51,,23:21,00:07
杵築,05:35,06:10,06:19,,07:23,07:01,,,,07:38,,,08:28,,08:10,08:50,08:33,,,,,09:53,,,09:34,10:50,,,,10:35,,,,,11:32,,,12:55,12:34,,,,,13:34,,,,,14:35,,15:24,,15:48,15:34,,,,16:39,,16:34,,,,17:56,17:34,,,,18:39,,18:35,19:08,,,19:43,,19:36,20:17,,,,20:34,20:59,,,,21:19,21:56,,21:52,,,22:51,,23:21,00:07
中山香,,06:16,,,07:29,,,,,,,,08:35,,,08:57,,,,,,09:59,,,,10:57,,,,,,,,,,,,13:02,,,,,,,,,,,,,15:31,,15:54,,,,,16:46,,,,,,18:03,,,,,18:46,,,19:15,,,19:51,,,20:24,,,,,21:06,,,,,22:02,,,,,22:58,,,00:14
中山香,,06:17,,,07:29,,,,,,,,08:42,,,,,,,,,10:00,,,,11:14,,,,,,,,,,,,13:14,,,,,,,,,,,,,,,15:55,,,,,16:47,,,,,,,,,,,18:47,,,,,,19:51,,,,,,,,21:07,,,,,,,,,,22:58,,,
立石,,06:21,,,07:34,,,,,,,,08:46,,,,,,,,,10:04,,,,11:18,,,,,,,,,,,,13:18,,,,,,,,,,,,,,,15:59,,,,,16:51,,,,,,,,,,,18:51,,,,,,19:56,,,,,,,,21:11,,,,,,,,,,23:02,,,
立石,,06:21,,,07:34,,,,,,,,08:46,,,,,,,,,10:04,,,,11:19,,,,,,,,,,,,13:19,,,,,,,,,,,,,,,15:59,,,,,16:51,,,,,,,,,,,18:51,,,,,,19:56,,,,,,,,21:12,,,,,,,,,,23:03,,,
西屋敷,,06:26,,,07:39,,,,,,,,08:51,,,,,,,,,10:09,,,,11:24,,,,,,,,,,,,13:24,,,,,,,,,,,,,,,16:04,,,,,16:57,,,,,,,,,,,18:56,,,,,,20:02,,,,,,,,21:17,,,,,,,,,,23:08,,,
西屋敷,,06:27,,,07:40,,,,,,,,08:52,,,,,,,,,10:10,,,,11:24,,,,,,,,,,,,13:24,,,,,,,,,,,,,,,16:05,,,,,16:57,,,,,,,,,,,18:57,,,,,,20:03,,,,,,,,21:18,,,,,,,,,,23:08,,,
宇佐,05:49,06:31,06:33,,07:43,07:15,,,,07:53,,,08:55,,08:25,,08:47,,,,,10:13,,,09:49,11:28,,,,10:49,,,,,11:47,,,13:27,12:49,,,,,13:48,,,,,14:49,,,,16:08,15:48,,,,17:00,,16:48,,,,,17:48,,,,19:00,,18:49,,,,20:06,,19:50,,,,,20:48,21:21,,,,21:35,,,22:08,,,23:11,,23:36,
宇佐,05:50,06:37,06:34,,07:44,07:16,,,,07:53,,,08:55,,08:25,,08:47,,,,,10:17,,,09:49,11:28,,,,10:50,,,,,11:47,,,13:28,12:49,,,,,13:49,,,,,14:49,,,,16:09,15:48,,,,17:01,,16:49,,,,,17:49,,,,19:00,,18:50,,,,20:06,,19:51,,,,,20:49,21:21,,,,21:36,,,22:08,,,23:12,,23:36,
豊前長洲,,06:41,,,07:48,,,,,,,,08:59,,,,,,,,,10:21,,,,11:32,,,,,,,,,,,,13:32,,,,,,,,,,,,,,,16:13,,,,,17:05,,,,,,,,,,,19:04,,,,,,20:11,,,,,,,,21:25,,,,,,,,,,23:15,,,
豊前長洲,,06:41,,,07:48,,,,,,,,08:59,,,,,,,,,10:22,,,,11:33,,,,,,,,,,,,13:32,,,,,,,,,,,,,,,16:13,,,,,17:05,,,,,,,,,,,19:05,,,,,,20:11,,,,,,,,21:26,,,,,,,,,,23:16,,,
柳ケ浦,05:55,06:44,06:39,,07:51,07:21,,,,07:58,,,09:02,,08:30,,08:52,,,,,10:24,,,09:54,11:35,,,,10:55,,,,,11:52,,,13:35,12:54,,,,,13:54,,,,,14:54,,,,16:16,15:53,,,,17:08,,16:53,,,,,17:53,,,,19:07,,18:54,,,,20:13,,19:56,,,,,20:54,21:28,,,,21:41,,,22:13,,,23:18,,23:41,
柳ケ浦,05:55,,06:39,,08:01,07:21,,,,07:59,,,09:02,,08:31,,08:53,,,,,10:25,,,09:54,11:35,,,,10:55,,,,,11:53,,,13:35,12:54,,,,,13:54,,,,,14:55,,,,16:23,15:54,,,,,,16:54,,,,,17:54,,,,19:08,,18:55,,,,20:14,,19:56,,,,,20:54,21:28,,,,21:41,,,22:14,,,23:19,,23:42,
豊前善光寺,,,,,08:04,,,,,,,,09:05,,,,,,,,,10:28,,,,11:38,,,,,,,,,,,,13:38,,,,,,,,,,,,,,,16:27,,,,,,,,,,,,,,,,19:11,,,,,,20:17,,,,,,,,21:32,,,,,,,,,,23:22,,,
豊前善光寺,,,,,08:05,,,,,,,,09:06,,,,,,,,,10:28,,,,11:39,,,,,,,,,,,,13:39,,,,,,,,,,,,,,,16:27,,,,,,,,,,,,,,,,19:12,,,,,,20:18,,,,,,,,21:32,,,,,,,,,,23:22,,,
天津,,,,,08:07,,,,,,,,09:08,,,,,,,,,10:31,,,,11:42,,,,,,,,,,,,13:41,,,,,,,,,,,,,,,16:30,,,,,,,,,,,,,,,,19:14,,,,,,20:21,,,,,,,,21:35,,,,,,,,,,23:25,,,
天津,,,,,08:08,,,,,,,,09:09,,,,,,,,,10:31,,,,11:42,,,,,,,,,,,,13:42,,,,,,,,,,,,,,,16:30,,,,,,,,,,,,,,,,19:15,,,,,,20:21,,,,,,,,21:36,,,,,,,,,,23:25,,,
今津,,,,,08:10,,,,,,,,09:11,,,,,,,,,10:33,,,,11:45,,,,,,,,,,,,13:44,,,,,,,,,,,,,,,16:33,,,,,,,,,,,,,,,,19:17,,,,,,20:24,,,,,,,,21:38,,,,,,,,,,23:28,,,
今津,,,,,08:11,,,,,,,,09:12,,,,,,,,,10:34,,,,11:45,,,,,,,,,,,,13:45,,,,,,,,,,,,,,,16:33,,,,,,,,,,,,,,,,19:17,,,,,,20:24,,,,,,,,21:39,,,,,,,,,,23:28,,,
東中津,,,,,08:13,,,,,,,,09:14,,,,,,,,,10:37,,,,11:48,,,,,,,,,,,,13:48,,,,,,,,,,,,,,,16:36,,,,,,,,,,,,,,,,19:20,,,,,,20:27,,,,,,,,21:42,,,,,,,,,,23:31,,,
東中津,,,,,08:14,,,,,,,,09:15,,,,,,,,,10:37,,,,11:49,,,,,,,,,,,,13:48,,,,,,,,,,,,,,,16:36,,,,,,,,,,,,,,,,19:21,,,,,,20:28,,,,,,,,21:42,,,,,,,,,,23:31,,,
中津,06:05,,06:49,,08:18,07:31,,,,08:08,,,09:20,,08:40,,09:02,,,,09:29,10:42,,,10:04,11:54,10:28,,,11:05,,11:31,,,12:03,,12:31,13:53,13:04,,13:31,,,14:04,,14:31,,,15:04,,,15:31,16:41,16:03,,,16:30,,,17:04,,,17:31,,18:04,,,18:31,19:25,,19:04,,,19:31,20:33,,20:06,,20:37,,,21:04,21:47,,,,21:52,,,22:24,,,23:36,,23:53,
中津,06:05,,06:50,,,07:32,,,,08:09,,,,,08:41,,09:03,,,,09:30,,,,10:04,,10:29,,,11:05,,11:31,,,12:03,,12:32,,13:04,,13:31,,,14:04,,14:31,,,15:05,,,15:31,,16:04,,,16:31,,,17:04,,,17:32,,18:04,,,18:32,,,19:05,,,19:31,,,20:06,,20:38,,,21:04,21:55,,,,21:52,,,22:24,,,,,,
吉富,,,,,,,,,,,,,,,,,,,,,,,,,,,,,,,,,,,,,,,,,,,,,,,,,,,,,,,,,,,,,,,,,,,,,,,,,,,,,,,,,,,21:58,,,,,,,,,,,,,
吉富,,,,,,,,,,,,,,,,,,,,,,,,,,,,,,,,,,,,,,,,,,,,,,,,,,,,,,,,,,,,,,,,,,,,,,,,,,,,,,,,,,,21:58,,,,,,,,,,,,,
三毛門,,,,,,,,,,,,,,,,,,,,,,,,,,,,,,,,,,,,,,,,,,,,,,,,,,,,,,,,,,,,,,,,,,,,,,,,,,,,,,,,,,,22:01,,,,,,,,,,,,,
三毛門,,,,,,,,,,,,,,,,,,,,,,,,,,,,,,,,,,,,,,,,,,,,,,,,,,,,,,,,,,,,,,,,,,,,,,,,,,,,,,,,,,,22:01,,,,,,,,,,,,,
宇島,06:10,,06:55,,,07:37,,,,08:14,,,,,08:46,,09:08,,,,,,,,10:09,,,,,11:10,,,,,12:08,,,,13:09,,,,,14:09,,,,,15:10,,,,,16:09,,,,,,17:09,,,,,18:09,,,,,,19:10,,,,,,20:11,,,,,21:09,22:04,,,,21:58,,,22:30,,,,,,
宇島,06:11,,06:56,,,07:37,,,,08:14,,,,,08:46,,09:09,,,,,,,,10:10,,,,,11:11,,,,,12:09,,,,13:10,,,,,14:10,,,,,15:10,,,,,16:10,,,,,,17:10,,,,,18:10,,,,,,19:10,,,,,,20:12,,,,,21:10,22:04,,,,21:58,,,22:31,,,,,,
豊前松江,,,,,,,,,,,,,,,,,,,,,,,,,,,,,,,,,,,,,,,,,,,,,,,,,,,,,,,,,,,,,,,,,,,,,,,,,,,,,,,,,,,22:07,,,,,,,,,,,,,
豊前松江,,,,,,,,,,,,,,,,,,,,,,,,,,,,,,,,,,,,,,,,,,,,,,,,,,,,,,,,,,,,,,,,,,,,,,,,,,,,,,,,,,,22:08,,,,,,,,,,,,,
椎田,,,,,,,,,,,,,,,,,,,,,,,,,,,,,,,,,,,,,,,,,,,,,,,,,,,,,,,,,,,,,,,,,,,,,,,,,,,,,,,,,,,22:12,,,,,,,,,,,,,
椎田,,,,,,,,,,,,,,,,,,,,,,,,,,,,,,,,,,,,,,,,,,,,,,,,,,,,,,,,,,,,,,,,,,,,,,,,,,,,,,,,,,,22:12,,,,,,,,,,,,,
築城,,,,,,,,,,,,,,,,,,,,,,,,,,,,,,,,,,,,,,,,,,,,,,,,,,,,,,,,,,,,,,,,,,,,,,,,,,,,,,,,,,,22:15,,,,,,,,,,,,,
築城,,,,,,,,,,,,,,,,,,,,,,,,,,,,,,,,,,,,,,,,,,,,,,,,,,,,,,,,,,,,,,,,,,,,,,,,,,,,,,,,,,,22:16,,,,,,,,,,,,,
新田原,,,,,,,,,,,,,,,,,,,,,,,,,,,,,,,,,,,,,,,,,,,,,,,,,,,,,,,,,,,,,,,,,,,,,,,,,,,,,,,,,,,22:19,,,,,,,,,,,,,
新田原,,,,,,,,,,,,,,,,,,,,,,,,,,,,,,,,,,,,,,,,,,,,,,,,,,,,,,,,,,,,,,,,,,,,,,,,,,,,,,,,,,,22:20,,,,,,,,,,,,,
南行橋,,,,,,,,,,,,,,,,,,,,,,,,,,,,,,,,,,,,,,,,,,,,,,,,,,,,,,,,,,,,,,,,,,,,,,,,,,,,,,,,,,,22:23,,,,,,,,,,,,,
南行橋,,,,,,,,,,,,,,,,,,,,,,,,,,,,,,,,,,,,,,,,,,,,,,,,,,,,,,,,,,,,,,,,,,,,,,,,,,,,,,,,,,,22:23,,,,,,,,,,,,,
行橋,06:23,,07:08,,,07:49,,,,08:25,,,,,08:59,,09:21,,,,09:46,,,,10:21,,10:46,,,11:23,,11:48,,,12:22,,12:48,,13:22,,13:48,,,14:22,,14:48,,,15:22,,,15:48,,16:21,,,16:46,,,17:22,,,17:48,,18:22,,,18:48,,,19:22,,,19:46,,,20:23,,20:54,,,21:21,22:26,,,,22:10,,,22:42,,,,,,
行橋,06:23,,07:09,,,07:49,,,,08:26,,,,,08:59,,09:22,,,,09:47,,,,10:22,,10:46,,,11:23,,11:48,,,12:22,,12:48,,13:22,,13:48,,,14:22,,14:48,,,15:22,,,15:48,,16:22,,,16:47,,,17:22,,,17:48,,18:22,,,18:48,,,19:22,,,19:47,,,20:23,,20:54,,,21:22,22:26,,,,22:11,,,22:43,,,,,,
小波瀬西工大前,,,,,,,,,,,,,,,,,,,,,,,,,,,,,,,,,,,,,,,,,,,,,,,,,,,,,,,,,,,,,,,,,,,,,,,,,,,,,,,,,,,22:29,,,,,,,,,,,,,
小波瀬西工大前,,,,,,,,,,,,,,,,,,,,,,,,,,,,,,,,,,,,,,,,,,,,,,,,,,,,,,,,,,,,,,,,,,,,,,,,,,,,,,,,,,,22:29,,,,,,,,,,,,,
苅田,,,,,,,,,,,,,,,,,,,,,,,,,,,,,,,,,,,,,,,,,,,,,,,,,,,,,,,,,,,,,,,,,,,,,,,,,,,,,,,,,,,22:33,,,,,,,,,,,,,
苅田,,,,,,,,,,,,,,,,,,,,,,,,,,,,,,,,,,,,,,,,,,,,,,,,,,,,,,,,,,,,,,,,,,,,,,,,,,,,,,,,,,,22:33,,,,,,,,,,,,,
朽網,,,,,,★07:56 ,,,,★08:32 ,,,,,,,,,,,,,,,★10:28 ,,,,,,,,,,,,,,,,,,,,,,,,,,,,,,,,★16:53 ,,,,,,,,★18:28 ,,,,,,,,,,,,,,,,,,22:37,,,,,,,,,,,,,
朽網,,,,,, ★07:56,,,, ★08:33,,,,,,,,,,,,,,, ★10:28,,,,,,,,,,,,,,,,,,,,,,,,,,,,,,,, ★16:53,,,,,,,, ★18:28,,,,,,,,,,,,,,,,,,22:37,,,,,,,,,,,,,
下曽根,06:31,,07:18,,,,,,,,,,,,,,,,,,,,,,,,,,,,,,,,,,,,,,,,,,,,,,,,,,,,,,,,,,,,,,,,,,,,,,,,,,,,,,,,22:40,,,,,,,,,,,,,
下曽根,06:32,,07:18,,,,,,,,,,,,,,,,,,,,,,,,,,,,,,,,,,,,,,,,,,,,,,,,,,,,,,,,,,,,,,,,,,,,,,,,,,,,,,,,22:41,,,,,,,,,,,,,
安部山公園,,,,,,,,,,,,,,,,,,,,,,,,,,,,,,,,,,,,,,,,,,,,,,,,,,,,,,,,,,,,,,,,,,,,,,,,,,,,,,,,,,,22:44,,,,,,,,,,,,,
安部山公園,,,,,,,,,,,,,,,,,,,,,,,,,,,,,,,,,,,,,,,,,,,,,,,,,,,,,,,,,,,,,,,,,,,,,,,,,,,,,,,,,,,22:44,,,,,,,,,,,,,
城野,,,,,,,,,,,,,,,,,,,,,,,,,,,,,,,,,,,,,,,,,,,,,,,,,,,,,,,,,,,,,,,,,,,,,,,,,,,,,,,,,,,22:47,,,,,,,,,,,,,
城野,,,,,,,,,,,,,,,,,,,,,,,,,,,,,,,,,,,,,,,,,,,,,,,,,,,,,,,,,,,,,,,,,,,,,,,,,,,,,,,,,,,22:47,,,,,,,,,,,,,
南小倉,,,,,,,,,,,,,,,,,,,,,,,,,,,,,,,,,,,,,,,,,,,,,,,,,,,,,,,,,,,,,,,,,,,,,,,,,,,,,,,,,,,22:50,,,,,,,,,,,,,
南小倉,,,,,,,,,,,,,,,,,,,,,,,,,,,,,,,,,,,,,,,,,,,,,,,,,,,,,,,,,,,,,,,,,,,,,,,,,,,,,,,,,,,22:50,,,,,,,,,,,,,
西小倉,,,,,,,,,,,,,,,,,,,,,,,,,,,,,,,,,,,,,,,,,,,,,,,,,,,,,,,,,,,,,,,,,,,,,,,,,,,,,,,,,,,22:54,,,,,,,,,,,,,
西小倉,,,,,,,,,,,,,,,,,,,,,,,,,,,,,,,,,,,,,,,,,,,,,,,,,,,,,,,,,,,,,,,,,,,,,,,,,,,,,,,,,,,22:54,,,,,,,,,,,,,
小倉,06:41,,07:28,,,08:06,,,,08:42,,,,,09:15,,09:37,,,,10:03,,,,10:38,,11:03,,,11:38,,12:03,,,12:37,,13:03,,13:37,,14:03,,,14:37,,15:03,,,15:37,,,16:03,,16:37,,,17:04,,,17:38,,,18:03,,18:38,,,19:03,,,19:37,,,20:03,,,20:38,,21:10,,,21:37,22:57,,,,22:27,,,23:00,,,,,,
小倉,06:43,,07:31,,,08:09,,,,08:45,,,,,09:19,,09:39,,,,10:05,,,,10:40,,11:05,,,11:40,,12:05,,,12:40,,13:05,,13:40,,14:05,,,14:40,,15:05,,,15:40,,,16:05,,16:39,,,17:06,,,17:40,,,18:05,,18:40,,,19:05,,,19:40,,,20:05,,,20:40,,21:13,,,21:40,,,,,,,,23:02,,,,,,
戸畑,06:48,,07:37,,,,,,,08:49,,,,,,,09:44,,,,,,,,10:45,,,,,11:45,,,,,12:45,,,,13:45,,,,,14:44,,,,,15:45,,,,,16:44,,,,,,17:44,,,,,18:45,,,,,,19:44,,,,,,20:45,,,,,21:44,,,,,,,,23:07,,,,,,
戸畑,06:49,,07:37,,,,,,,08:50,,,,,,,09:44,,,,,,,,10:45,,,,,11:45,,,,,12:45,,,,13:45,,,,,14:45,,,,,15:45,,,,,16:44,,,,,,17:45,,,,,18:46,,,,,,19:45,,,,,,20:46,,,,,21:45,,,,,,,,23:08,,,,,,
黒崎,06:54,,07:44,,,08:18,,,,08:55,,,,,09:27,,09:49,,,,10:13,,,,10:50,,11:14,,,11:50,,12:14,,,12:50,,13:14,,13:50,,14:14,,,14:50,,15:14,,,15:50,,,16:14,,16:49,,,17:14,,,17:50,,,18:14,,18:50,,,19:14,,,19:50,,,20:13,,,20:51,,21:24,,,21:50,,,,,,,,23:13,,,,,,
黒崎,06:55,,07:45,,,08:19,,,,08:56,,,,,09:28,,09:50,,,,10:14,,,,10:51,,11:14,,,11:51,,12:14,,,12:51,,13:14,,13:51,,14:14,,,14:50,,15:14,,,15:51,,,16:14,,16:50,,,17:14,,,17:50,,,18:14,,18:51,,,19:14,,,19:50,,,20:14,,,20:52,,21:24,,,21:50,,,,,,,,23:13,,,,,,
折尾,06:59,,07:50,,,08:24,,,,09:00,,,,,09:32,,09:54,,,,10:18,,,,10:55,,11:19,,,11:55,,12:19,,,12:55,,13:19,,13:55,,14:19,,,14:54,,15:18,,,15:55,,,16:18,,16:54,,,17:18,,,17:55,,,18:18,,18:55,,,19:18,,,19:54,,,20:18,,,20:56,,21:29,,,21:54,,,,,,,,23:17,,,,,,
折尾,07:00,,07:51,,,08:25,,,,09:01,,,,,09:32,,09:54,,,,10:19,,,,10:56,,11:19,,,11:56,,12:19,,,12:56,,13:19,,13:56,,14:19,,,14:55,,15:19,,,15:55,,,16:19,,16:55,,,17:19,,,17:56,,,18:19,,18:56,,,19:19,,,19:55,,,20:18,,,20:56,,21:29,,,21:55,,,,,,,,23:18,,,,,,
赤間,07:11,,08:04,,,,,,,09:11,,,,,,,10:04,,,,,,,,11:06,,,,,12:06,,,,,13:06,,,,14:06,,,,,15:05,,,,,16:06,,,,,17:05,,,,,,18:06,,,18:29,,19:06,,,,,,20:05,,,,,,21:07,,21:40,,,22:05,,,,,,,,23:28,,,,,,
赤間,07:11,,08:04,,,,,,,09:12,,,,,,,10:05,,,,,,,,11:06,,,,,12:06,,,,,13:07,,,,14:06,,,,,15:06,,,,,16:06,,,,,17:05,,,,,,18:07,,,18:30,,19:06,,,,,,20:06,,,,,,21:07,,21:41,,,22:06,,,,,,,,23:29,,,,,,
福間,07:19,,08:13,,,08:42,,,,,,,,,,,,,,,,,,,,,,,,,,,,,,,,,,,,,,,,,,,,,,,,,,,,,,18:14,,,18:36,,19:13,,,,,,,,,,,,21:14,,,,,22:13,,,,,,,,23:36,,,,,,
福間,07:19,,08:14,,,08:43,,,,,,,,,,,,,,,,,,,,,,,,,,,,,,,,,,,,,,,,,,,,,,,,,,,,,,18:14,,,18:37,,19:14,,,,,,,,,,,,21:14,,,,,22:13,,,,,,,,23:36,,,,,,
香椎,,,,,,,,,,09:28,,,,,,,10:18,,,,,,,,11:21,,,,,12:21,,,,,13:21,,,,14:21,,,,,15:21,,,,,16:20,,,,,17:20,,,,,,18:22,,,18:45,,19:22,,,,,,20:21,,,20:43,,,21:22,,21:55,,,22:21,,,,,,,,23:44,,,,,,
香椎,,,,,,,,,,09:28,,,,,,,10:19,,,,,,,,11:21,,,,,12:22,,,,,13:21,,,,14:21,,,,,15:21,,,,,16:20,,,,,17:21,,,,,,18:23,,,18:45,,19:22,,,,,,20:22,,,20:43,,,21:23,,21:56,,,22:22,,,,,,,,23:45,,,,,,
吉塚,07:33,,08:33,,,,,,,09:35,,,,,,,,,,,,,,,,,,,,,,,,,,,,,,,,,,,,,,,,,,,,,,,,,,,,,,,,,,,,,,,,,,,,,,,,,,,,,,,,,,,,,,
吉塚,07:34,,08:33,,,,,,,09:36,,,,,,,,,,,,,,,,,,,,,,,,,,,,,,,,,,,,,,,,,,,,,,,,,,,,,,,,,,,,,,,,,,,,,,,,,,,,,,,,,,,,,,
博多,07:37,,08:36,,,08:59,,,,09:39,,,,,10:04,,10:27,,,,10:49,,,,11:29,,11:50,,,12:28,,12:49,,,13:28,,13:49,,14:28,,14:49,,,15:28,,15:52,,,16:28,,,16:49,,17:28,,,17:49,,,18:31,,,18:52,,19:29,,,19:50,,,20:28,,,20:50,,,21:29,,22:04,,,22:29,,,,,,,,23:51,,,,,,
博多,,,,,,,,,,,,,,,,,,,,,,,,,,,,,,,,,,,,,,,,,,,,,,,,,,,,,,,,,,,,,,,,,,,,,,,,,,,,,,,,,,,,,,,,,,,,,,,,
