,普通,普通,普通,普通,特急,普通,普通,普通,特急,普通,特急,普通,特急,普通,普通,特急,普通,普通,特急,普通,特急,普通,特急,普通,特急,普通,特急,普通,特急,普通,特急,特急,普通,特急,普通,特急,普通,特急,特急,普通,特急,特急,普通,特急,普通,特急,特急,普通,特急,普通,普通,特急,特急,普通,特急,普通,特急,特急,普通,普通,特急,普通,特急,特急,普通,普通,特急,普通,普通,特急,普通,特急,普通,普通,特急,普通,普通,普通,特急,特急,普通,普通,普通,特急,普通,特急,普通,普通,特急,普通,特急,普通,特急,普通,特急,普通,普通,特急
,,,,,にちりん 1号,,,,ソニック 101号,,九州横断特急 2号,,にちりん 3号,,,ソニック 1号,,,ソニック 3号,,にちりんシーガイア 5号,,ソニック 5号,,ソニック 7号,,ソニック 9号,,ソニック 11号,,ソニック 13号,にちりん 7号,,ソニック 15号,,ソニック 17号,,ゆふ 4号,ソニック 19号,,ソニック 21号,にちりん 9号,,ソニック 23号,,ゆふいんの森 4号,ソニック 25号,,ソニック 27号,,,ソニック 29号,にちりん 11号,,ソニック 31号,,ソニック 33号,にちりん 13号,,,ソニック 35号,,ソニック 37号,にちりん 15号,,,ゆふ 6号,,,ソニック 39号,,ソニック 41号,,,ソニック 43号,,,,ソニック 45号,にちりん 17号,,,,ソニック 47号,,ソニック 49号,,,ソニック 51号,,ソニック 53号,,ソニック 55号,,ソニック 57号,,,ソニック 59号
,大分,佐伯,幸崎,佐伯,宮崎空港,臼杵,大分,幸崎,大分,大分,熊本,臼杵,宮崎空港,大分,幸崎,大分,佐伯,大分,大分,臼杵,宮崎空港,大分,大分,幸崎,大分,大分,大分,佐伯,大分,幸崎,大分,宮崎空港,佐伯,大分,幸崎,大分,臼杵,博多,大分,臼杵,大分,宮崎空港,佐伯,大分,幸崎,博多,大分,佐伯,大分,臼杵,佐伯,大分,宮崎空港,大在,大分,幸崎,大分,宮崎空港,大在,佐伯,大分,佐伯,大分,南宮崎,幸崎,大分,博多,佐伯,臼杵,大分,幸崎,佐伯,幸崎,大分,大分,佐伯,大分,幸崎,大分,南宮崎,大分,佐伯,大分,大分,幸崎,大分,大分,佐伯,大分,佐伯,大分,幸崎,大分,大分,大分,臼杵,大分,大分
,621M,1621M,1623M,4621M,5001M,4623M,623M,4625M,3091M,625M,1072D,4627M,5003M,627M,4629M,3001M,4631M,5521M,3003M,4633M,5005M,629M,3005M,1625M,3007M,631M,3009M,4635M,3011M,4637M,3013M,5007M,4639M,3015M,4641M,3017M,4643M,84D,3019M,4645M,3021M,5009M,4647M,3023M,4649M,8004D,3025M,4651M,3027M,1627M,4653M,3029M,5011M,4655M,3031M,4657M,3033M,5013M,1631M,4659M,3035M,4661M,3037M,5015M,1635M,639M,86D,1637M,4663M,3039M,4665M,3041M,4667M,641M,3043M,1639M,643M,4669M,3045M,5017M,645M,1641M,647M,3047M,4671M,3049M,649M,4673M,3051M,4675M,3053M,4677M,3055M,651M,3057M,1643M,653M,3059M
,毎日運転,毎日運転,毎日運転,毎日運転,毎日運転,毎日運転,毎日運転,毎日運転,毎日運転,毎日運転,毎日運転,毎日運転,毎日運転,土曜・休日運休,毎日運転,毎日運転,毎日運転,毎日運転,毎日運転,毎日運転,毎日運転,毎日運転,毎日運転,毎日運転,毎日運転,毎日運転,毎日運転,毎日運転,毎日運転,毎日運転,毎日運転,毎日運転,毎日運転,毎日運転,毎日運転,毎日運転,毎日運転,毎日運転,毎日運転,毎日運転,毎日運転,毎日運転,毎日運転,毎日運転,毎日運転,１０月１４～１７・２１～２３日は運休,毎日運転,毎日運転,毎日運転,毎日運転,毎日運転,毎日運転,毎日運転,毎日運転,毎日運転,毎日運転,毎日運転,毎日運転,毎日運転,毎日運転,毎日運転,毎日運転,毎日運転,毎日運転,毎日運転,毎日運転,毎日運転,毎日運転,毎日運転,毎日運転,毎日運転,毎日運転,毎日運転,毎日運転,毎日運転,毎日運転,毎日運転,毎日運転,毎日運転,毎日運転,毎日運転,毎日運転,毎日運転,毎日運転,毎日運転,毎日運転,毎日運転,毎日運転,毎日運転,毎日運転,毎日運転,毎日運転,毎日運転,毎日運転,毎日運転,毎日運転,毎日運転,毎日運転
博多,,,,,,,,,,,,,,,,,,,,,,,,,,,,,,,,,,,,,,16:31,,,,,,,,18:10,,,,,,,,,,,,,,,,,,,,,21:34,,,,,,,,,,,,,,,,,,,,,,,,,,,,,,,
博多,,,,,,,,,,,,,,,,06:21,,,07:00,,07:31,,08:02,,08:20,,09:00,,09:21,,10:00,,,10:20,,11:00,,,11:20,,12:00,,,12:20,,,13:00,,13:20,,,14:00,,,14:20,,15:00,,,,15:20,,16:00,,,,,,,16:20,,17:00,,,17:20,,,,18:00,,,,,18:20,,19:00,,,19:20,,20:00,,20:20,,21:06,,,22:06
吉塚,,,,,,,,,,,,,,,,,,,,,07:34,,,,,,,,,,,,,,,,,,,,,,,,,,,,,,,,,,,,,,,,,,,,,,,,,,,,,,,,,,,,,,,,,,,,,,,,,,,,,
吉塚,,,,,,,,,,,,,,,,,,,,,07:34,,,,,,,,,,,,,,,,,,,,,,,,,,,,,,,,,,,,,,,,,,,,,,,,,,,,,,,,,,,,,,,,,,,,,,,,,,,,,
香椎,,,,,,,,,,,,,,,,06:27,,,07:07,,07:41,,08:10,,08:29,,,,09:28,,,,,10:26,,,,,11:26,,,,,12:26,,,,,13:26,,,,,,14:26,,,,,,15:26,,,,,,,,,16:26,,,,,17:26,,,,,,,,,,,,,,,,,,,,,,,
香椎,,,,,,,,,,,,,,,,06:28,,,07:08,,07:42,,08:10,,08:30,,,,09:28,,,,,10:27,,,,,11:26,,,,,12:26,,,,,13:26,,,,,,14:27,,,,,,15:27,,,,,,,,,16:26,,,,,17:27,,,,,,,,,,,,,,,,,,,,,,,
福間,,,,,,,,,,,,,,,,06:36,,,07:21,,07:52,,,,,,,,,,,,,,,,,,,,,,,,,,,,,,,,,,,,,,,,,,,,,,,,,,,,,,,,,,18:13,,,,,18:35,,19:13,,,19:35,,20:14,,20:34,,21:18,,,22:22
福間,,,,,,,,,,,,,,,,06:37,,,07:21,,07:52,,,,,,,,,,,,,,,,,,,,,,,,,,,,,,,,,,,,,,,,,,,,,,,,,,,,,,,,,,18:14,,,,,18:35,,19:13,,,19:36,,20:14,,20:35,,21:19,,,22:22
赤間,,,,,,,,,,,,,,,,06:44,,,07:28,,08:01,,,,08:46,,,,09:44,,,,,10:40,,,,,11:40,,,,,12:40,,,,,13:40,,,,,,14:40,,,,,,15:40,,,,,,,,,16:41,,,,,17:41,,,,18:20,,,,,18:42,,19:20,,,19:43,,20:21,,20:41,,21:25,,,22:29
赤間,,,,,,,,,,,,,,,,06:44,,,07:28,,08:01,,,,08:47,,,,09:44,,,,,10:41,,,,,11:41,,,,,12:41,,,,,13:41,,,,,,14:41,,,,,,15:41,,,,,,,,,16:41,,,,,17:42,,,,18:21,,,,,18:42,,19:20,,,19:44,,20:21,,20:42,,21:26,,,22:30
折尾,,,,,,,,,,,,,,,,06:55,,,07:38,,08:15,,08:37,,08:57,,09:30,,09:54,,10:27,,,10:52,,11:27,,,11:51,,12:27,,,12:51,,,13:27,,13:51,,,14:27,,,14:51,,15:27,,,,15:51,,16:27,,,,,,,16:52,,17:27,,,17:53,,,,18:31,,,,,18:53,,19:31,,,19:55,,20:32,,20:52,,21:36,,,22:41
折尾,,,,,,,,,,,,,,,,06:56,,,07:39,,08:15,,08:38,,08:58,,09:31,,09:55,,10:27,,,10:52,,11:27,,,11:51,,12:27,,,12:51,,,13:27,,13:51,,,14:27,,,14:51,,15:28,,,,15:51,,16:28,,,,,,,16:52,,17:28,,,17:53,,,,18:32,,,,,18:54,,19:31,,,19:55,,20:32,,20:53,,21:36,,,22:41
黒崎,,,,,,,,,,,,,,,,07:01,,,07:44,,08:20,,08:43,,09:03,,09:35,,09:59,,10:31,,,10:56,,11:31,,,11:55,,12:31,,,12:55,,,13:31,,13:55,,,14:31,,,14:55,,15:32,,,,15:55,,16:32,,,,,,,16:56,,17:32,,,17:58,,,,18:36,,,,,18:58,,19:35,,,20:00,,20:36,,20:57,,21:41,,,22:45
黒崎,,,,,,,,,,,,,,,,07:02,,,07:45,,08:20,,08:43,,09:03,,09:35,,09:59,,10:32,,,10:57,,11:32,,,11:56,,12:32,,,12:56,,,13:32,,13:56,,,14:32,,,14:56,,15:32,,,,15:56,,16:32,,,,,,,16:57,,17:32,,,17:58,,,,18:36,,,,,18:59,,19:36,,,20:01,,20:37,,20:58,,21:41,,,22:46
戸畑,,,,,,,,,,,,,,,,,,,,,,,,,09:09,,,,10:04,,,,,11:01,,,,,12:01,,,,,13:01,,,,,14:01,,,,,,15:01,,,,,,16:01,,,,,,,,,17:02,,,,,18:03,,,,,,,,,19:04,,,,,20:05,,20:42,,21:03,,21:46,,,22:51
戸畑,,,,,,,,,,,,,,,,,,,,,,,,,09:09,,,,10:05,,,,,11:02,,,,,12:01,,,,,13:01,,,,,14:01,,,,,,15:01,,,,,,16:01,,,,,,,,,17:02,,,,,18:03,,,,,,,,,19:04,,,,,20:06,,20:42,,21:03,,21:47,,,22:52
小倉,,,,,,,,,,,,,,,,07:11,,06:31,07:58,,08:33,,08:56,,09:14,,09:43,,10:10,,10:41,,,11:06,,11:40,,,12:07,,12:40,,,13:07,,,13:40,,14:07,,,14:40,,,15:07,,15:40,,,,16:07,,16:41,,,,,,,17:08,,17:41,,,18:08,,,,18:44,,,,,19:10,,19:44,,,20:10,,20:47,,21:08,,21:52,,,22:57
小倉,,,,,,,,,,,,,06:39,,,07:14,,06:42,08:00,,08:35,,08:58,,09:16,,09:46,,10:12,,10:43,,,11:09,,11:42,,,12:09,,12:42,,,13:09,,,13:42,,14:09,,,14:42,,,15:09,,15:42,,,,16:09,,16:43,,,,,,,17:10,,17:44,,,18:10,,,,18:46,,,,,19:12,,19:46,,,20:12,,20:49,,21:10,,21:54,,,23:04
西小倉,,,,,,,,,,,,,,,,,,06:43,,,,,,,,,,,,,,,,,,,,,,,,,,,,,,,,,,,,,,,,,,,,,,,,,,,,,,,,,,,,,,,,,,,,,,,,,,,,,,,,
西小倉,,,,,,,,,,,,,,,,,,06:44,,,,,,,,,,,,,,,,,,,,,,,,,,,,,,,,,,,,,,,,,,,,,,,,,,,,,,,,,,,,,,,,,,,,,,,,,,,,,,,,
南小倉,,,,,,,,,,,,,,,,,,06:47,,,,,,,,,,,,,,,,,,,,,,,,,,,,,,,,,,,,,,,,,,,,,,,,,,,,,,,,,,,,,,,,,,,,,,,,,,,,,,,,
南小倉,,,,,,,,,,,,,,,,,,06:47,,,,,,,,,,,,,,,,,,,,,,,,,,,,,,,,,,,,,,,,,,,,,,,,,,,,,,,,,,,,,,,,,,,,,,,,,,,,,,,,
城野,,,,,,,,,,,,,,,,,,06:50,,,,,,,,,,,,,,,,,,,,,,,,,,,,,,,,,,,,,,,,,,,,,,,,,,,,,,,,,,,,,,,,,,,,,,,,,,,,,,,,
城野,,,,,,,,,,,,,,,,,,06:51,,,,,,,,,,,,,,,,,,,,,,,,,,,,,,,,,,,,,,,,,,,,,,,,,,,,,,,,,,,,,,,,,,,,,,,,,,,,,,,,
安部山公園,,,,,,,,,,,,,,,,,,06:53,,,,,,,,,,,,,,,,,,,,,,,,,,,,,,,,,,,,,,,,,,,,,,,,,,,,,,,,,,,,,,,,,,,,,,,,,,,,,,,,
安部山公園,,,,,,,,,,,,,,,,,,06:54,,,,,,,,,,,,,,,,,,,,,,,,,,,,,,,,,,,,,,,,,,,,,,,,,,,,,,,,,,,,,,,,,,,,,,,,,,,,,,,,
下曽根,,,,,,,,,,,,,,,,,,06:57,,,,,,,,,,,,,,,,,,,,,,,,,,,,,,,,,,,,,,,,,,,,,,,,,,,,,,,,,,,,,,,,,,19:20,,,,,20:21,,,,21:18,,,,,23:13
下曽根,,,,,,,,,,,,,,,,,,06:57,,,,,,,,,,,,,,,,,,,,,,,,,,,,,,,,,,,,,,,,,,,,,,,,,,,,,,,,,,,,,,,,,,19:20,,,,,20:21,,,,21:19,,,,,23:13
朽網,,,,,,,,,,,,,,,,★07:23 ,,07:01,,,★08:45 ,,,,,,,,,,,,,,,,,,,,,,,,,,,,,,,,,,★15:19 ,,,,,,,,★16:52 ,,,,,,,,,,,,★18:19 ,,,,,,,,,,,,,,,,,,,,,,,
朽網,,,,,,,,,,,,,,,, ★07:24,,07:01,,, ★08:45,,,,,,,,,,,,,,,,,,,,,,,,,,,,,,,,,, ★15:19,,,,,,,, ★16:53,,,,,,,,,,,, ★18:20,,,,,,,,,,,,,,,,,,,,,,,
苅田,,,,,,,,,,,,,,,,,,07:05,,,,,,,,,,,,,,,,,,,,,,,,,,,,,,,,,,,,,,,,,,,,,,,,,,,,,,,,,,,,,,,,,,,,,,,,,,,,,,,,
苅田,,,,,,,,,,,,,,,,,,07:05,,,,,,,,,,,,,,,,,,,,,,,,,,,,,,,,,,,,,,,,,,,,,,,,,,,,,,,,,,,,,,,,,,,,,,,,,,,,,,,,
小波瀬西工大前,,,,,,,,,,,,,,,,,,07:09,,,,,,,,,,,,,,,,,,,,,,,,,,,,,,,,,,,,,,,,,,,,,,,,,,,,,,,,,,,,,,,,,,,,,,,,,,,,,,,,
小波瀬西工大前,,,,,,,,,,,,,,,,,,07:09,,,,,,,,,,,,,,,,,,,,,,,,,,,,,,,,,,,,,,,,,,,,,,,,,,,,,,,,,,,,,,,,,,,,,,,,,,,,,,,,
行橋,,,,,,,,,,,,,06:55,,,07:30,,07:12,08:18,,08:52,,09:12,,09:31,,10:00,,10:26,,10:58,,,11:24,,11:57,,,12:24,,12:57,,,13:24,,,13:57,,14:24,,,14:57,,,15:25,,15:57,,,,16:24,,16:59,,,,,,,17:25,,17:58,,,18:26,,,,19:01,,,,,19:29,,20:01,,,20:29,,21:04,,21:27,,22:09,,,23:21
行橋,,,,,,,,,,,,,06:55,,,07:30,,07:13,08:19,,08:52,,09:13,,09:31,,10:01,,10:27,,10:58,,,11:24,,11:57,,,12:24,,12:57,,,13:24,,,13:57,,14:24,,,14:57,,,15:26,,15:57,,,,16:25,,16:59,,,,,,,17:25,,17:59,,,18:27,,,,19:02,,,,,19:29,,20:02,,,20:30,,21:04,,21:27,,22:10,,,23:21
南行橋,,,,,,,,,,,,,,,,,,07:15,,,,,,,,,,,,,,,,,,,,,,,,,,,,,,,,,,,,,,,,,,,,,,,,,,,,,,,,,,,,,,,,,,,,,,,,,,,,,,,,
南行橋,,,,,,,,,,,,,,,,,,07:16,,,,,,,,,,,,,,,,,,,,,,,,,,,,,,,,,,,,,,,,,,,,,,,,,,,,,,,,,,,,,,,,,,,,,,,,,,,,,,,,
新田原,,,,,,,,,,,,,,,,,,07:19,,,,,,,,,,,,,,,,,,,,,,,,,,,,,,,,,,,,,,,,,,,,,,,,,,,,,,,,,,,,,,,,,,,,,,,,,,,,,,,,
新田原,,,,,,,,,,,,,,,,,,07:20,,,,,,,,,,,,,,,,,,,,,,,,,,,,,,,,,,,,,,,,,,,,,,,,,,,,,,,,,,,,,,,,,,,,,,,,,,,,,,,,
築城,,,,,,,,,,,,,,,,,,07:23,,,,,,,,,,,,,,,,,,,,,,,,,,,,,,,,,,,,,,,,,,,,,,,,,,,,,,,,,,,,,,,,,,,,,,,,,,,,,,,,
築城,,,,,,,,,,,,,,,,,,07:24,,,,,,,,,,,,,,,,,,,,,,,,,,,,,,,,,,,,,,,,,,,,,,,,,,,,,,,,,,,,,,,,,,,,,,,,,,,,,,,,
椎田,,,,,,,,,,,,,,,,,,07:27,,,,,,,,,,,,,,,,,,,,,,,,,,,,,,,,,,,,,,,,,,,,,,,,,,,,,,,,,,,,,,,,,,,,,,,,,,,,,,,,
椎田,,,,,,,,,,,,,,,,,,07:27,,,,,,,,,,,,,,,,,,,,,,,,,,,,,,,,,,,,,,,,,,,,,,,,,,,,,,,,,,,,,,,,,,,,,,,,,,,,,,,,
豊前松江,,,,,,,,,,,,,,,,,,07:32,,,,,,,,,,,,,,,,,,,,,,,,,,,,,,,,,,,,,,,,,,,,,,,,,,,,,,,,,,,,,,,,,,,,,,,,,,,,,,,,
豊前松江,,,,,,,,,,,,,,,,,,07:32,,,,,,,,,,,,,,,,,,,,,,,,,,,,,,,,,,,,,,,,,,,,,,,,,,,,,,,,,,,,,,,,,,,,,,,,,,,,,,,,
宇島,,,,,,,,,,,,,07:08,,,07:43,,07:35,08:33,,,,09:26,,09:45,,,,10:39,,,,,11:37,,,,,12:37,,,,,13:37,,,,,14:37,,,,,,15:38,,,,,,16:38,,,,,,,,,17:38,,,,,18:38,,,,,,,,,19:41,,,,,20:42,,21:16,,21:39,,22:22,,,23:33
宇島,,,,,,,,,,,,,07:09,,,07:44,,07:36,08:34,,,,09:26,,09:45,,,,10:39,,,,,11:37,,,,,12:37,,,,,13:38,,,,,14:38,,,,,,15:39,,,,,,16:38,,,,,,,,,17:39,,,,,18:39,,,,,,,,,19:42,,,,,20:43,,21:17,,21:39,,22:22,,,23:34
三毛門,,,,,,,,,,,,,,,,,,07:39,,,,,,,,,,,,,,,,,,,,,,,,,,,,,,,,,,,,,,,,,,,,,,,,,,,,,,,,,,,,,,,,,,,,,,,,,,,,,,,,
三毛門,,,,,,,,,,,,,,,,,,07:39,,,,,,,,,,,,,,,,,,,,,,,,,,,,,,,,,,,,,,,,,,,,,,,,,,,,,,,,,,,,,,,,,,,,,,,,,,,,,,,,
吉富,,,,,,,,,,,,,,,,,,07:42,,,,,,,,,,,,,,,,,,,,,,,,,,,,,,,,,,,,,,,,,,,,,,,,,,,,,,,,,,,,,,,,,,,,,,,,,,,,,,,,
吉富,,,,,,,,,,,,,,,,,,07:42,,,,,,,,,,,,,,,,,,,,,,,,,,,,,,,,,,,,,,,,,,,,,,,,,,,,,,,,,,,,,,,,,,,,,,,,,,,,,,,,
中津,,,,,,,,,,,,,07:14,,,07:48,,07:45,08:38,,09:09,,09:31,,09:50,,10:16,,10:44,,11:14,,,11:42,,12:12,,,12:42,,13:12,,,13:42,,,14:12,,14:42,,,15:12,,,15:43,,16:12,,,,16:43,,17:15,,,,,,,17:43,,18:14,,,18:43,,,,19:16,,,,,19:46,,20:16,,,20:48,,21:21,,21:44,,22:27,,,23:38
中津,,,,05:34,,,06:00,,06:47,,,,07:15,,,07:49,,07:51,08:39,,09:10,,09:31,,09:50,09:13,10:17,,10:44,10:05,11:15,,,11:42,11:18,12:12,,,12:42,,13:12,,,13:43,13:16,,14:12,,14:43,,,15:12,,,15:44,,16:13,,,,16:43,,17:15,,,,,,,17:44,,18:14,,17:50,18:44,,,18:23,19:17,,,,,19:47,,20:17,,,20:49,20:27,21:22,,21:44,,22:28,,,23:39
東中津,,,,05:38,,,06:04,,,,,,,,,,,07:56,,,,,,,,09:18,,,,10:10,,,,,11:22,,,,,,,,,,13:20,,,,,,,,,,,,,,,,,,,,,,,,,,,,,17:54,,,,18:28,,,,,,,,,,,,20:31,,,,,,,,
東中津,,,,05:38,,,06:04,,,,,,,,,,,07:56,,,,,,,,09:18,,,,10:10,,,,,11:23,,,,,,,,,,13:21,,,,,,,,,,,,,,,,,,,,,,,,,,,,,17:55,,,,18:28,,,,,,,,,,,,20:31,,,,,,,,
今津,,,,05:41,,,06:07,,,,,,,,,,,07:59,,,,,,,,09:21,,,,10:13,,,,,11:26,,,,,,,,,,13:24,,,,,,,,,,,,,,,,,,,,,,,,,,,,,17:57,,,,18:31,,,,,,,,,,,,20:34,,,,,,,,
今津,,,,05:42,,,06:08,,,,,,,,,,,08:00,,,,,,,,09:22,,,,10:14,,,,,11:26,,,,,,,,,,13:24,,,,,,,,,,,,,,,,,,,,,,,,,,,,,17:58,,,,18:31,,,,,,,,,,,,20:35,,,,,,,,
天津,,,,05:44,,,06:10,,,,,,,,,,,08:02,,,,,,,,09:24,,,,10:16,,,,,11:28,,,,,,,,,,13:27,,,,,,,,,,,,,,,,,,,,,,,,,,,,,18:00,,,,18:34,,,,,,,,,,,,20:37,,,,,,,,
天津,,,,05:44,,,06:11,,,,,,,,,,,08:03,,,,,,,,09:24,,,,10:17,,,,,11:29,,,,,,,,,,13:27,,,,,,,,,,,,,,,,,,,,,,,,,,,,,18:01,,,,18:34,,,,,,,,,,,,20:38,,,,,,,,
豊前善光寺,,,,05:47,,,06:14,,,,,,,,,,,08:06,,,,,,,,09:27,,,,10:19,,,,,11:31,,,,,,,,,,13:30,,,,,,,,,,,,,,,,,,,,,,,,,,,,,18:03,,,,18:37,,,,,,,,,,,,20:41,,,,,,,,
豊前善光寺,,,,05:47,,,06:14,,,,,,,,,,,08:06,,,,,,,,09:27,,,,10:20,,,,,11:32,,,,,,,,,,13:31,,,,,,,,,,,,,,,,,,,,,,,,,,,,,18:04,,,,18:37,,,,,,,,,,,,20:41,,,,,,,,
柳ケ浦,,,,05:51,,,06:17,,06:57,,,,07:25,,,07:59,,08:10,08:48,,,,09:41,,10:01,09:31,,,10:54,10:24,,,,11:52,11:35,,,,12:52,,,,,13:52,13:34,,,,14:52,,,,,,15:53,,,,,,16:53,,17:25,,,,,,,17:53,,,,18:07,18:53,,,18:40,,,,,,19:57,,,,,21:00,20:44,21:31,,21:54,,22:38,,,23:49
柳ケ浦,,,,05:51,,,06:18,,06:58,,,07:01,07:26,,,07:59,,08:10,08:49,,,,09:41,,10:01,09:31,,,10:55,10:28,,,,11:53,11:36,,,,12:53,,,,,13:53,13:35,,,,14:53,,,,,,15:54,,,,,,16:54,,17:25,,,,,,,17:54,17:29,,,18:08,18:54,,,18:41,,,,,,19:58,,,,,21:00,20:45,21:32,,21:55,,22:38,,,23:50
豊前長洲,,,,05:53,,,06:20,,,,,07:03,,,,,,08:12,,,,,,,,09:33,,,,10:31,,,,,11:38,,,,,,,,,,13:37,,,,,,,,,,,,,,,,,,,,,,,,,,17:32,,,18:10,,,,18:43,,,,,,,,,,,,20:47,,,,,,,,
豊前長洲,,,,05:54,,,06:20,,,,,07:04,,,,,,08:13,,,,,,,,09:34,,,,10:31,,,,,11:39,,,,,,,,,,13:37,,,,,,,,,,,,,,,,,,,,,,,,,,17:32,,,18:10,,,,18:44,,,,,,,,,,,,20:48,,,,,,,,
宇佐,,,,05:57,,,06:24,,07:03,,,07:07,07:31,,,08:04,,08:17,08:53,,,,09:46,,10:06,09:38,,,10:59,10:35,,,,11:57,11:43,,,,12:57,,,,,13:57,13:41,,,,14:57,,,,,,15:58,,,,,,16:58,,,,,,,,,17:58,17:36,,,18:14,18:58,,,18:48,,,,,,20:02,,,,,21:05,20:52,21:36,,21:59,,22:43,,,23:55
宇佐,,,,05:58,,,06:24,,07:04,,,07:08,07:31,,,08:04,,08:18,08:54,,,,09:46,,10:06,09:38,,,11:00,10:36,,,,11:58,11:43,,,,12:58,,,,,13:58,13:42,,,,14:58,,,,,,15:59,,,,,,16:59,,,,,,,,,17:59,17:37,,,18:15,18:59,,,18:48,,,,,,20:03,,,,,21:05,20:52,21:37,,22:00,,22:43,,,23:55
西屋敷,,,,06:01,,,06:28,,,,,07:11,,,,,,08:21,,,,,,,,09:41,,,,10:39,,,,,11:47,,,,,,,,,,13:45,,,,,,,,,,,,,,,,,,,,,,,,,,17:40,,,18:18,,,,18:52,,,,,,,,,,,,20:56,,,,,,,,
西屋敷,,,,06:01,,,06:28,,,,,07:11,,,,,,08:22,,,,,,,,09:42,,,,10:39,,,,,11:48,,,,,,,,,,13:46,,,,,,,,,,,,,,,,,,,,,,,,,,17:40,,,18:19,,,,18:52,,,,,,,,,,,,20:57,,,,,,,,
立石,,,,06:05,,,06:33,,,,,07:15,,,,,,08:27,,,,,,,,09:46,,,,10:43,,,,,11:52,,,,,,,,,,13:50,,,,,,,,,,,,,,,,,,,,,,,,,,17:44,,,18:23,,,,18:56,,,,,,,,,,,,21:01,,,,,,,,
立石,,,,06:06,,,06:33,,,,,07:16,,,,,,08:27,,,,,,,,09:46,,,,10:44,,,,,11:52,,,,,,,,,,13:51,,,,,,,,,,,,,,,,,,,,,,,,,,17:45,,,18:23,,,,18:57,,,,,,,,,,,,21:02,,,,,,,,
中山香,,,,06:10,,,06:37,,,,,07:20,,,,,,08:32,,,,,,,,09:51,,,,10:48,,,,,11:56,,,,,,,,,,13:55,,,,,,,,,,,,,,,,,,,,,,,,,,17:49,,,18:27,,,,19:01,,,,,,,,,,,,21:06,,,,,,,,
中山香,,,,06:10,,,06:38,06:56,,,,07:20,,,,,,08:32,,,,09:16,,,,09:58,,,,10:49,,,,,11:57,,,,,,,,,,13:56,,,,,,,,,,,15:48,,,,,,,,,,,,,,,17:49,,18:11,18:36,,,,19:10,,,19:40,,,,,,20:30,,,21:07,,,,22:24,,,,
杵築,,,,06:17,,,06:45,07:03,07:20,,,07:27,07:47,,,08:18,,08:40,09:08,,09:38,09:23,10:00,,10:20,10:05,,,11:13,10:56,,,,12:12,12:04,,,,13:12,,,,,14:12,14:04,,,,15:12,,,,,,16:13,15:55,,,,,17:12,,,,,,,,,18:13,17:56,,18:18,18:43,19:13,,,19:17,19:42,,19:47,,,20:17,,20:42,20:37,,21:21,21:14,21:51,,22:14,22:32,22:57,,,00:11
杵築,,,,06:18,,,06:46,07:04,07:22,,,07:28,07:47,,08:00,08:19,,08:41,09:09,,09:38,09:24,10:02,,10:21,10:06,,,11:14,10:57,,,,12:12,12:05,,,,13:12,12:56,,,,14:13,14:07,,,,15:12,,15:16,,,,16:14,15:56,,,,,17:13,16:57,,,,,,,,18:13,17:57,,18:19,18:44,19:13,,,19:19,19:43,,19:48,,,20:18,,20:43,20:48,,21:22,21:27,21:52,,22:15,22:32,22:58,,,00:12
大神,,,,06:22,,,06:50,07:07,,,,07:32,,,08:04,,,08:45,,,,09:28,,,,10:09,,,,11:00,,,,,12:09,,,,,13:00,,,,,14:11,,,,,,15:19,,,,,15:59,,,,,,17:01,,,,,,,,,18:01,,18:23,18:48,,,,19:24,,,19:51,,,,,,20:52,,,21:31,,,,22:36,,,,
大神,,,,06:22,,,06:50,07:08,,,,07:35,,,08:07,,,08:46,,,,09:31,,,,10:10,,,,11:03,,,,,12:18,,,,,13:04,,,,,14:19,,,,,,15:20,,,,,16:03,,,,,,17:04,,,,17:31,,,,,18:04,,18:32,18:49,,,,19:24,,,19:52,,20:05,,,,20:53,,,21:31,,,,22:37,,,,
日出,,,,06:26,,,06:54,07:11,,,,07:38,,,08:10,,,08:50,,,,09:34,,,,10:13,,,,11:07,,,,,12:22,,,,,13:07,,,,,14:22,,,,,,15:24,,,,,16:07,,,,,,17:08,,,,17:34,,,,,18:08,,18:35,18:52,,,,19:28,,,19:55,,20:08,,,,20:57,,,21:35,,,,22:40,,,,
日出,,,,06:27,,06:46,06:54,07:12,,,,07:39,,,08:11,,,08:50,,,,09:35,,,,10:14,,,,11:08,,,11:48,,12:22,,,,,13:08,,,13:53,,14:23,,,14:51,,,15:24,,,,,16:08,,,,,,17:08,,,,17:35,,,,,18:08,,18:36,18:53,,,,19:28,,,19:56,,20:09,,,,20:57,,,21:35,,,,22:41,,,23:29,
暘谷,,,,06:28,,06:48,06:57,07:13,,,,07:40,,,08:12,,,08:52,,,,09:36,,,,10:16,,,,11:09,,,11:50,,12:24,,,,,13:10,,,13:55,,14:24,,,14:53,,,15:26,,,,,16:09,,,,,,17:11,,,,17:36,,,,,18:10,,18:38,18:54,,,,19:30,,,19:57,,20:10,,,,20:59,,,21:37,,,,22:43,,,23:30,
暘谷,,,,06:29,,06:48,06:57,07:14,,,,07:41,,,08:13,,,08:52,,,,09:37,,,,10:16,,,,11:10,,,11:50,,12:24,,,,,13:10,,,13:55,,14:25,,,14:53,,,15:26,,,,,16:10,,,,,,17:11,,,,17:37,,,,,18:10,,18:38,18:55,,,,19:30,,,19:58,,20:11,,,,21:00,,,21:38,,,,22:43,,,23:31,
豊後豊岡,,,,06:31,,06:51,07:01,07:17,,,,07:44,,,08:16,,,08:55,,,,09:40,,,,10:19,,,,11:13,,,11:53,,12:27,,,,,13:13,,,13:59,,14:28,,,14:56,,,15:29,,,,,16:13,,,,,,17:14,,,,17:39,,,,,18:13,,18:41,18:58,,,,19:33,,,20:01,,20:14,,,,21:02,,,21:41,,,,22:46,,,23:33,
豊後豊岡,,,,06:32,,06:52,07:01,07:17,,,,07:44,,,08:16,,,08:56,,,,09:40,,,,10:20,,,,11:13,,,11:53,,12:27,,,,,13:14,,,13:59,,14:28,,,14:57,,,15:30,,,,,16:13,,,,,,17:15,,,,17:40,,,,,18:14,,18:42,18:58,,,,19:33,,,20:01,,20:14,,,,21:03,,,21:41,,,,22:46,,,23:34,
亀川,,,,06:35,,06:55,07:05,07:21,07:33,,,07:48,07:58,,08:20,,,09:00,,,,09:44,,,,10:23,,,11:25,11:17,,,11:57,,12:31,,,,,13:17,,,14:03,14:23,14:32,,,15:01,,,15:33,,,,,16:17,,,,,,17:19,,,,17:43,,,,18:24,18:18,,18:46,19:02,,,,19:37,,,20:04,,20:17,,,,21:06,,,21:45,22:03,,,22:50,23:10,,23:37,
亀川,05:46,,,06:36,,06:56,07:06,07:22,07:33,07:36,,07:48,07:59,08:02,08:20,,08:45,09:00,,09:12,,09:52,,,,10:24,,11:00,11:25,11:17,,,11:57,,12:31,,12:57,,,13:18,,,14:03,14:24,14:32,,,15:01,,,15:34,,,15:56,,16:17,,,,16:57,,17:25,,,,17:44,,,18:08,18:24,18:27,,18:51,19:02,,,19:26,19:37,,,20:05,,20:18,,20:32,,21:07,21:21,,21:45,22:03,22:06,,22:50,23:11,,23:38,
別府大学,05:48,,,06:38,,06:58,07:08,07:24,,07:39,,07:51,,08:05,08:23,,08:47,09:03,,09:14,,09:55,,,,10:26,,11:02,,11:19,,,11:59,,12:33,,13:00,,,13:20,,,14:05,,14:35,,,15:04,,,15:36,,,15:59,,16:20,,,,16:59,,17:28,,,,17:46,,,18:11,,18:29,,18:54,19:04,,,19:29,19:39,,,20:07,,20:20,,20:34,,21:09,21:24,,21:48,,22:08,,22:52,,,23:40,
別府大学,05:49,,,06:39,,06:58,07:09,07:24,,07:40,,07:51,,08:06,08:23,,08:48,09:03,,09:15,,09:55,,,,10:26,,11:03,,11:20,,,12:00,,12:34,,13:00,,,13:20,,,14:06,,14:35,,,15:04,,,15:36,,,16:00,,16:20,,,,17:00,,17:28,,,,17:46,,,18:12,,18:30,,18:55,19:05,,,19:29,19:40,,,20:07,,20:21,,20:35,,21:10,21:24,,21:48,,22:09,,22:53,,,23:40,
別府,05:52,,,06:42,,07:02,07:13,07:28,07:38,07:43,,07:55,08:03,08:09,08:26,08:32,08:51,09:07,09:22,09:18,09:53,09:58,10:15,,10:34,10:30,10:55,11:06,11:29,11:24,11:54,,12:03,12:25,12:37,12:51,13:03,,13:26,13:24,13:51,,14:09,14:28,14:38,,14:52,15:08,15:25,,15:39,15:54,,16:03,16:27,16:24,16:51,,,17:03,17:26,17:32,17:55,,,17:50,,,18:15,18:28,18:33,18:52,18:58,19:08,19:26,,19:33,19:43,19:56,,20:10,,20:24,20:32,20:38,20:56,21:13,21:27,21:35,21:52,22:07,22:12,22:29,22:56,23:15,,23:43,00:25
別府,05:53,,,06:43,,07:03,07:14,07:29,07:39,07:44,07:49,07:56,08:04,08:10,08:27,08:33,08:52,09:08,09:22,09:27,09:53,09:59,10:15,,10:34,10:38,10:55,11:06,11:30,11:32,11:54,,12:03,12:26,12:37,12:52,13:04,13:13,13:27,13:29,13:52,,14:10,14:28,14:39,14:43,14:52,15:08,15:26,,15:40,15:55,,16:03,16:28,16:32,16:51,,,17:04,17:27,17:32,17:55,,,17:57,18:09,,18:16,18:29,18:33,18:53,18:59,19:09,19:27,,19:33,19:44,19:57,,20:11,,20:25,20:32,20:38,20:56,21:13,21:28,21:36,21:52,22:08,22:12,22:29,22:56,23:15,,23:44,00:25
東別府,05:55,,,06:46,,07:06,07:16,07:32,,07:46,,07:59,,08:13,08:29,,08:54,09:10,,09:30,,10:01,,,,10:41,,11:09,,11:35,,,12:06,,12:40,,13:06,,,13:32,,,14:12,,14:41,,,15:11,,,15:43,,,16:06,,16:35,,,,17:06,,17:35,,,,18:00,,,18:18,,18:36,,19:01,19:11,,,19:36,19:46,,,20:13,,20:27,,20:41,,21:16,21:30,,21:55,,22:15,,22:59,,,23:46,
東別府,05:56,,,06:46,,07:06,07:17,07:32,,07:47,,07:59,,08:14,08:30,,08:55,09:11,,09:31,,10:02,,,,10:41,,11:09,,11:35,,,12:06,,12:40,,13:07,,,13:32,,,14:13,,14:42,,,15:11,,,15:43,,,16:07,,16:35,,,,17:07,,17:35,,,,18:00,,,18:19,,18:36,,19:02,19:12,,,19:36,19:47,,,20:14,,20:28,,20:41,,21:16,21:31,,21:56,,22:15,,22:59,,,23:47,
西大分,06:03,,,06:53,,07:14,07:25,07:39,,07:54,,08:07,,08:21,08:37,,09:02,09:18,,09:38,,10:09,,,,10:49,,11:16,,11:42,,,12:13,,12:47,,13:14,,,13:40,,,14:20,,14:49,,,15:19,,,15:50,,,16:14,,16:42,,,,17:14,,17:43,,,,18:07,,,18:26,,18:43,,19:09,19:19,,,19:44,19:54,,,20:21,,20:35,,20:48,,21:23,21:38,,22:03,,22:22,,23:06,,,23:54,
西大分,06:03,,,06:54,,07:14,07:25,07:40,,07:54,,08:07,,08:22,08:37,,09:02,09:19,,09:38,,10:10,,,,10:49,,11:17,,11:43,,,12:14,,12:48,,13:14,,,13:40,,,14:21,,14:50,,,15:19,,,15:51,,,16:15,,16:43,,,,17:15,,17:43,,,,18:08,,,18:27,,18:44,,19:10,19:19,,,19:45,19:54,,,20:22,,20:36,,20:49,,21:24,21:39,,22:03,,22:23,,23:07,,,23:54,
大分,06:07,,,06:57,,07:18,07:29,07:43,07:49,07:58,08:01,08:11,08:14,08:25,08:41,08:44,09:06,09:23,09:32,09:42,10:03,10:13,10:25,,10:44,10:52,11:05,11:20,11:40,11:46,12:04,,12:17,12:36,12:51,13:01,13:18,13:24,13:37,13:43,14:02,,14:24,14:38,14:52,14:55,15:02,15:23,15:36,,15:54,16:04,,16:18,16:37,16:46,17:01,,,17:18,17:37,17:46,18:05,,,18:11,18:20,,18:30,18:39,18:47,19:02,19:13,19:23,19:37,,19:48,19:58,20:07,,20:25,,20:39,20:42,20:52,21:06,21:27,21:42,21:45,22:07,22:18,22:26,22:39,23:10,23:25,,23:58,00:35
大分,,06:18,06:35,07:12,07:00,07:21,,07:47,,,08:07,08:19,08:16,,08:50,,09:15,,,09:50,10:08,,,10:37,,,,11:24,,11:48,,12:07,12:25,,12:52,,13:22,13:25,,13:45,,14:06,14:27,,15:11,14:57,,15:25,,15:43,16:11,,16:06,16:22,,16:50,,17:06,17:11,17:21,,17:49,,18:07,18:10,,18:35,18:23,18:43,,18:49,19:03,19:15,,,19:43,,20:08,,20:19,,20:31,,,21:12,,,21:47,,22:19,,22:46,,,,23:30,,
牧,,06:21,06:39,07:15,,07:24,,07:50,,,,08:23,,,08:54,,09:18,,,09:53,,,,10:40,,,,11:28,,11:52,,,12:29,,12:55,,13:26,,,13:49,,,14:31,,15:14,,,15:28,,15:47,16:15,,,16:26,,16:53,,,17:15,17:25,,17:52,,,18:13,,,18:26,18:46,,18:53,,19:18,,,19:46,,20:12,,,,20:35,,,21:16,,,21:51,,22:23,,22:49,,,,23:34,,
牧,,06:22,06:39,07:16,,07:25,,07:51,,,,08:24,,,08:54,,09:19,,,09:54,,,,10:41,,,,11:28,,11:53,,,12:30,,12:56,,13:26,,,13:49,,,14:31,,15:15,,,15:29,,15:48,16:15,,,16:26,,16:54,,,17:15,17:25,,17:53,,,18:14,,,18:27,18:47,,18:53,,19:19,,,19:47,,20:12,,,,20:35,,,21:16,,,21:52,,22:23,,22:50,,,,23:34,,
高城,,06:24,06:41,07:18,,07:27,,07:53,,,,08:26,,,08:56,,09:21,,,09:56,,,,10:43,,,,11:30,,11:55,,,12:32,,12:58,,13:28,,,13:52,,,14:34,,15:17,,,15:31,,15:50,16:18,,,16:29,,16:56,,,17:17,17:28,,17:55,,,18:16,,,18:29,18:49,,18:56,,19:21,,,19:49,,20:15,,,,20:38,,,21:18,,,21:54,,22:25,,22:52,,,,23:36,,
高城,,06:25,06:42,07:18,,07:27,,07:54,,,,08:27,,,08:57,,09:21,,,09:57,,,,10:43,,,,11:31,,11:56,,,12:33,,12:58,,13:29,,,13:52,,,14:34,,15:17,,,15:31,,15:50,16:18,,,16:29,,16:56,,,17:18,17:28,,17:56,,,18:17,,,18:29,18:50,,18:56,,19:22,,,19:49,,20:15,,,,20:39,,,21:19,,,21:54,,22:26,,22:55,,,,23:37,,
鶴崎,,06:28,06:45,07:21,07:06,07:30,,07:57,,,,08:30,08:23,,09:00,,09:24,,,09:59,10:15,,,10:46,,,,11:34,,11:59,,12:14,12:36,,13:01,,13:32,,,13:55,,14:13,14:37,,15:20,,,15:35,,15:54,16:21,,16:14,16:32,,16:59,,17:13,17:21,17:31,,17:59,,18:14,18:20,,,18:32,18:52,,19:00,19:10,19:25,,,19:52,,20:19,,20:26,,20:42,,,21:22,,,21:57,,22:28,,22:58,,,,23:40,,
鶴崎,,06:28,06:47,07:22,07:07,07:31,,08:05,,,,08:32,08:24,,09:02,,09:25,,,10:00,10:15,,,10:47,,,,11:34,,12:01,,12:15,12:38,,13:01,,13:33,,,13:56,,14:15,14:38,,15:21,,,15:35,,15:54,16:22,,16:15,16:33,,17:00,,17:14,17:22,17:37,,17:59,,18:14,18:22,,,18:35,18:53,,19:00,19:11,19:25,,,19:55,,20:19,,20:27,,20:46,,,21:22,,,21:58,,22:29,,22:58,,,,23:40,,
大在,,06:32,06:50,07:26,,07:34,,08:08,,,,08:35,,,09:06,,09:28,,,10:03,,,,10:50,,,,11:38,,12:05,,,12:41,,13:05,,13:36,,,14:00,,,14:41,,15:24,,,15:39,,15:58,16:26,,,16:36,,17:03,,,17:25,17:40,,18:03,,,18:25,,,18:39,18:56,,19:04,19:14,19:29,,,19:58,,20:23,,,,20:49,,,21:25,,,22:01,,22:32,,23:02,,,,23:44,,
大在,,06:33,06:53,07:27,,07:35,,08:09,,,,08:36,,,09:06,,09:28,,,10:04,,,,10:51,,,,11:38,,12:05,,,12:41,,13:05,,13:37,,,14:00,,,14:47,,15:25,,,15:39,,15:58,16:26,,,,,17:04,,,,17:41,,18:04,,,18:26,,,18:39,18:57,,19:04,19:14,19:30,,,19:59,,20:23,,,,20:50,,,21:26,,,22:02,,22:33,,23:02,,,,23:44,,
坂ノ市,,06:36,06:56,07:30,,07:38,,08:12,,,,08:39,,,09:10,,09:32,,,10:07,,,,10:54,,,,11:41,,12:08,,,12:44,,13:09,,13:40,,,14:04,,,14:51,,15:28,,,15:42,,16:02,16:29,,,,,17:07,,,,17:44,,18:07,,,18:29,,,18:42,19:00,,19:08,,19:33,,,20:02,,20:26,,,,20:53,,,21:29,,,22:05,,22:36,,23:05,,,,23:47,,
坂ノ市,,06:37,06:57,07:30,,07:40,,08:13,,,,08:46,,,09:13,,09:33,,,10:08,,,,10:58,,,,11:44,,12:09,,,12:45,,13:09,,13:41,,,14:05,,,14:51,,15:31,,,15:45,,16:02,16:33,,,,,17:08,,,,17:45,,18:08,,,18:29,,,18:45,19:01,,19:10,,19:34,,,20:03,,20:27,,,,20:53,,,21:30,,,22:05,,22:36,,23:06,,,,23:48,,
幸崎,,06:41,07:01,07:34,07:17,07:44,,08:17,,,,08:50,08:35,,09:18,,09:36,,,10:12,,,,11:02,,,,11:48,,12:13,,,12:49,,13:14,,13:45,,,14:09,,,14:55,,15:35,,,15:50,,16:06,16:36,,,,,17:12,,,,17:49,,18:13,,18:22,18:33,,,18:49,19:04,,19:14,,19:38,,,20:07,,20:31,,20:37,,20:57,,,21:34,,,22:09,,22:40,,23:11,,,,23:52,,
幸崎,,06:44,,07:35,07:19,07:49,,,,,,08:54,08:42,,,,09:37,,,10:12,,,,,,,,11:52,,,,,12:49,,,,13:46,,,14:09,,,15:02,,,,,15:50,,16:07,16:37,,,,,,,,,17:49,,18:13,,18:27,,,,18:49,19:05,,,,,,,20:07,,,,20:38,,20:58,,,,,,22:14,,22:43,,,,,,23:52,,
佐志生,,06:50,,07:41,,07:56,,,,,,09:01,,,,,09:43,,,10:18,,,,,,,,11:59,,,,,12:56,,,,13:52,,,14:16,,,15:08,,,,,15:57,,16:14,16:43,,,,,,,,,17:55,,18:20,,,,,,18:55,19:12,,,,,,,20:14,,,,,,21:04,,,,,,22:21,,22:50,,,,,,23:59,,
佐志生,,06:51,,07:42,,07:57,,,,,,09:01,,,,,09:46,,,10:19,,,,,,,,11:59,,,,,12:56,,,,13:53,,,14:16,,,15:09,,,,,15:58,,16:14,16:44,,,,,,,,,17:56,,18:21,,,,,,18:56,19:18,,,,,,,20:14,,,,,,21:07,,,,,,22:21,,22:50,,,,,,23:59,,
下ノ江,,06:54,,07:44,,07:59,,,,,,09:04,,,,,09:49,,,10:21,,,,,,,,12:02,,,,,12:59,,,,13:56,,,14:19,,,15:11,,,,,16:00,,16:17,16:46,,,,,,,,,17:59,,18:24,,,,,,18:58,19:21,,,,,,,20:17,,,,,,21:10,,,,,,22:24,,22:53,,,,,,00:02,,
下ノ江,,06:54,,07:45,,08:00,,,,,,09:04,,,,,09:52,,,10:22,,,,,,,,12:02,,,,,13:00,,,,13:56,,,14:24,,,15:12,,,,,16:01,,16:19,16:47,,,,,,,,,17:59,,18:24,,,,,,18:59,19:21,,,,,,,20:17,,,,,,21:11,,,,,,22:24,,22:53,,,,,,00:02,,
熊崎,,06:58,,07:49,,08:04,,,,,,09:08,,,,,09:56,,,10:26,,,,,,,,12:06,,,,,13:04,,,,14:00,,,14:28,,,15:16,,,,,16:05,,16:23,16:50,,,,,,,,,18:03,,18:29,,,,,,19:03,19:25,,,,,,,20:21,,,,,,21:15,,,,,,22:28,,22:57,,,,,,00:06,,
熊崎,,06:59,,07:50,,08:07,,,,,,09:09,,,,,09:57,,,10:27,,,,,,,,12:06,,,,,13:04,,,,14:01,,,14:29,,,15:17,,,,,16:05,,16:24,16:51,,,,,,,,,18:04,,18:29,,,,,,19:03,19:26,,,,,,,20:24,,,,,,21:15,,,,,,22:29,,22:58,,,,,,00:07,,
上臼杵,,07:02,,07:53,,08:10,,,,,,09:12,,,,,10:00,,,10:30,,,,,,,,12:09,,,,,13:07,,,,14:04,,,14:32,,,15:20,,,,,16:09,,16:27,16:54,,,,,,,,,18:07,,18:32,,,,,,19:06,19:29,,,,,,,20:27,,,,,,21:19,,,,,,22:32,,23:01,,,,,,00:10,,
上臼杵,,07:03,,07:54,,08:11,,,,,,09:12,,,,,10:00,,,10:30,,,,,,,,12:10,,,,,13:08,,,,14:04,,,14:32,,,15:21,,,,,16:09,,16:27,16:55,,,,,,,,,18:07,,18:33,,,,,,19:07,19:29,,,,,,,20:28,,,,,,21:19,,,,,,22:32,,23:01,,,,,,00:10,,
臼杵,,07:05,,07:56,07:38,08:13,,,,,,09:15,08:56,,,,10:03,,,10:33,10:37,,,,,,,12:12,,,,12:36,13:10,,,,14:06,,,14:35,,14:39,15:23,,,,,16:11,,16:30,16:57,,16:47,,,,,17:38,,18:10,,18:35,,18:41,,,,19:08,19:32,,,19:38,,,,20:30,,,,20:53,,21:21,,,,,,22:34,,23:03,,,,,,00:13,,
臼杵,,07:08,,08:01,07:39,,,,,,,,08:57,,,,10:05,,,,10:39,,,,,,,12:21,,,,12:37,13:21,,,,,,,,,14:40,15:23,,,,,16:13,,,17:09,,16:49,,,,,17:40,,18:13,,18:36,,18:47,,,,19:09,,,,19:39,,,,20:30,,,,20:54,,21:34,,,,,,22:35,,23:04,,,,,,,,
津久見,,07:17,,08:11,07:49,,,,,,,,09:07,,,,10:15,,,,10:48,,,,,,,12:30,,,,12:46,13:30,,,,,,,,,14:49,15:33,,,,,16:23,,,17:18,,16:58,,,,,17:49,,18:23,,18:46,,18:55,,,,19:19,,,,19:47,,,,20:40,,,,21:03,,21:44,,,,,,22:46,,23:15,,,,,,,,
津久見,,07:18,,08:11,07:52,,,,,,,,09:08,,,,10:15,,,,10:49,,,,,,,12:31,,,,12:47,13:32,,,,,,,,,14:50,15:33,,,,,16:24,,,17:25,,16:59,,,,,17:50,,18:23,,18:46,,18:59,,,,19:19,,,,19:49,,,,20:40,,,,21:05,,21:45,,,,,,22:46,,23:15,,,,,,,,
日代,,07:24,,08:16,,,,,,,,,,,,,10:21,,,,,,,,,,,12:36,,,,,13:37,,,,,,,,,,15:39,,,,,16:30,,,17:30,,,,,,,,,18:29,,18:52,,,,,,19:24,,,,,,,,20:45,,,,,,21:50,,,,,,22:51,,23:20,,,,,,,,
日代,,07:24,,08:18,,,,,,,,,,,,,10:25,,,,,,,,,,,12:36,,,,,13:38,,,,,,,,,,15:39,,,,,16:31,,,17:31,,,,,,,,,18:29,,18:55,,,,,,19:25,,,,,,,,20:46,,,,,,21:53,,,,,,22:52,,23:21,,,,,,,,
浅海井,,07:28,,08:22,,,,,,,,,,,,,10:29,,,,,,,,,,,12:40,,,,,13:42,,,,,,,,,,15:43,,,,,16:35,,,17:35,,,,,,,,,18:33,,18:59,,,,,,19:29,,,,,,,,20:49,,,,,,21:57,,,,,,22:55,,23:25,,,,,,,,
浅海井,,07:29,,08:23,,,,,,,,,,,,,10:29,,,,,,,,,,,12:41,,,,,13:43,,,,,,,,,,15:44,,,,,16:35,,,17:35,,,,,,,,,18:34,,19:00,,,,,,19:29,,,,,,,,20:50,,,,,,21:58,,,,,,22:56,,23:25,,,,,,,,
狩生,,07:33,,08:27,,,,,,,,,,,,,10:34,,,,,,,,,,,12:45,,,,,13:47,,,,,,,,,,15:48,,,,,16:40,,,17:39,,,,,,,,,18:38,,19:04,,,,,,19:33,,,,,,,,20:54,,,,,,22:02,,,,,,23:00,,23:29,,,,,,,,
狩生,,07:34,,08:27,,,,,,,,,,,,,10:34,,,,,,,,,,,12:48,,,,,13:48,,,,,,,,,,15:49,,,,,16:40,,,17:40,,,,,,,,,18:38,,19:05,,,,,,19:34,,,,,,,,20:54,,,,,,22:03,,,,,,23:01,,23:30,,,,,,,,
海崎,,07:37,,08:30,,,,,,,,,,,,,10:37,,,,,,,,,,,12:51,,,,,13:51,,,,,,,,,,15:52,,,,,16:43,,,17:43,,,,,,,,,18:42,,19:08,,,,,,19:37,,,,,,,,20:58,,,,,,22:06,,,,,,23:04,,23:33,,,,,,,,
海崎,,07:37,,08:31,,,,,,,,,,,,,10:38,,,,,,,,,,,12:51,,,,,13:51,,,,,,,,,,15:52,,,,,16:44,,,17:43,,,,,,,,,18:46,,19:08,,,,,,19:37,,,,,,,,21:04,,,,,,22:07,,,,,,23:04,,23:34,,,,,,,,
佐伯,,07:41,,08:35,08:12,,,,,,,,09:25,,,,10:41,,,,11:05,,,,,,,12:55,,,,13:08,13:55,,,,,,,,,15:09,15:56,,,,,16:48,,,17:47,,17:16,,,,,18:08,,18:49,,19:12,,19:18,,,,19:41,,,,20:09,,,,21:07,,,,21:23,,22:11,,,,,,23:08,,23:38,,,,,,,,
佐伯,,,,,08:13,,,,,,,,09:26,,,,,,,,11:06,,,,,,,,,,,13:10,,,,,,,,,,15:09,,,,,,,,,,,17:17,,,,,18:10,,,,,,19:19,,,,,,,,,,,,,,,,21:26,,,,,,,,,,,,,,,,,,
延岡,,,,,09:10,,,,,,,,10:31,,,,,,,,12:07,,,,,,,,,,,14:07,,,,,,,,,,16:09,,,,,,,,,,,18:18,,,,,19:09,,,,,,20:17,,,,,,,,,,,,,,,,22:26,,,,,,,,,,,,,,,,,,
延岡,,,,,09:14,,,,,,,,10:33,,,,,,,,12:08,,,,,,,,,,,14:09,,,,,,,,,,16:12,,,,,,,,,,,18:20,,,,,19:11,,,,,,20:19,,,,,,,,,,,,,,,,22:29,,,,,,,,,,,,,,,,,,
南延岡,,,,,09:17,,,,,,,,10:36,,,,,,,,12:12,,,,,,,,,,,14:13,,,,,,,,,,16:16,,,,,,,,,,,18:24,,,,,19:15,,,,,,20:23,,,,,,,,,,,,,,,,22:33,,,,,,,,,,,,,,,,,,
南延岡,,,,,09:18,,,,,,,,10:37,,,,,,,,12:12,,,,,,,,,,,14:14,,,,,,,,,,16:18,,,,,,,,,,,18:25,,,,,19:16,,,,,,20:26,,,,,,,,,,,,,,,,22:34,,,,,,,,,,,,,,,,,,
門川,,,,,,,,,,,,,,,,,,,,,,,,,,,,,,,,,,,,,,,,,,,,,,,,,,,,,,,,,,,,,,,,,,,,,,,,,,,,,,,,,,,,,,,,,,,,,,,,,,
門川,,,,,,,,,,,,,,,,,,,,,,,,,,,,,,,,,,,,,,,,,,,,,,,,,,,,,,,,,,,,,,,,,,,,,,,,,,,,,,,,,,,,,,,,,,,,,,,,,,
日向市,,,,,09:31,,,,,,,,10:50,,,,,,,,12:24,,,,,,,,,,,14:31,,,,,,,,,,16:35,,,,,,,,,,,18:38,,,,,19:28,,,,,,20:40,,,,,,,,,,,,,,,,22:49,,,,,,,,,,,,,,,,,,
日向市,,,,,09:31,,,,,,,,10:50,,,,,,,,12:25,,,,,,,,,,,14:32,,,,,,,,,,16:36,,,,,,,,,,,18:39,,,,,19:29,,,,,,20:40,,,,,,,,,,,,,,,,22:50,,,,,,,,,,,,,,,,,,
都農,,,,,,,,,,,,,,,,,,,,,,,,,,,,,,,,,,,,,,,,,,,,,,,,,,,,,,,,,,,,,,,,,,,,,,,,,,,,,,,,,,,,,,,,,,,,,,,,,,
都農,,,,,,,,,,,,,,,,,,,,,,,,,,,,,,,,,,,,,,,,,,,,,,,,,,,,,,,,,,,,,,,,,,,,,,,,,,,,,,,,,,,,,,,,,,,,,,,,,,
高鍋,,,,,09:55,,,,,,,,11:14,,,,,,,,12:48,,,,,,,,,,,14:56,,,,,,,,,,17:00,,,,,,,,,,,19:09,,,,,19:53,,,,,,21:06,,,,,,,,,,,,,,,,23:17,,,,,,,,,,,,,,,,,,
高鍋,,,,,09:56,,,,,,,,11:15,,,,,,,,12:49,,,,,,,,,,,14:57,,,,,,,,,,17:01,,,,,,,,,,,19:09,,,,,19:55,,,,,,21:07,,,,,,,,,,,,,,,,23:19,,,,,,,,,,,,,,,,,,
佐土原,,,,,10:05,,,,,,,,11:26,,,,,,,,12:57,,,,,,,,,,,15:06,,,,,,,,,,17:11,,,,,,,,,,,19:18,,,,,20:04,,,,,,21:16,,,,,,,,,,,,,,,,23:28,,,,,,,,,,,,,,,,,,
佐土原,,,,,10:06,,,,,,,,11:27,,,,,,,,12:58,,,,,,,,,,,15:09,,,,,,,,,,17:13,,,,,,,,,,,19:18,,,,,20:05,,,,,,21:17,,,,,,,,,,,,,,,,23:29,,,,,,,,,,,,,,,,,,
宮崎神宮,,,,,,,,,,,,,,,,,,,,,,,,,,,,,,,,,,,,,,,,,,,,,,,,,,,,,19:26,,,,,,,,,,,,,,,,,,,,,,,,,,,,,,,,,,,,,,,,,,,,,
宮崎神宮,,,,,,,,,,,,,,,,,,,,,,,,,,,,,,,,,,,,,,,,,,,,,,,,,,,,,19:27,,,,,,,,,,,,,,,,,,,,,,,,,,,,,,,,,,,,,,,,,,,,,
宮崎,,,,,10:16,,,,,,,,11:37,,,,,,,,13:07,,,,,,,,,,,15:19,,,,,,,,,,17:24,,,,,,,,,,,19:30,,,,,20:15,,,,,,21:27,,,,,,,,,,,,,,,,23:39,,,,,,,,,,,,,,,,,,
宮崎,,,,,10:20,,,,,,,,11:40,,,,,,,,13:10,,,,,,,,,,,15:20,,,,,,,,,,17:29,,,,,,,,,,,19:31,,,,,20:19,,,,,,21:35,,,,,,,,,,,,,,,,23:40,,,,,,,,,,,,,,,,,,
南宮崎,,,,,10:24,,,,,,,,11:43,,,,,,,,13:13,,,,,,,,,,,15:23,,,,,,,,,,17:33,,,,,,,,,,,19:34,,,,,20:22,,,,,,21:39,,,,,,,,,,,,,,,,23:43,,,,,,,,,,,,,,,,,,
南宮崎,,,,,10:26,,,,,,,,11:45,,,,,,,,13:15,,,,,,,,,,,15:28,,,,,,,,,,17:34,,,,,,,,,,,19:35,,,,,20:25,,,,,,,,,,,,,,,,,,,,,,,,,,,,,,,,,,,,,,,,
宮崎空港,,,,,10:31,,,,,,,,11:50,,,,,,,,13:19,,,,,,,,,,,15:33,,,,,,,,,,17:40,,,,,,,,,,,19:40,,,,,20:30,,,,,,,,,,,,,,,,,,,,,,,,,,,,,,,,,,,,,,,,
宮崎空港,,,,,,,,,,,,,,,,,,,,,,,,,,,,,,,,,,,,,,,,,,,,,,,,,,,,,,,,,,,,,,,,,,,,,,,,,,,,,,,,,,,,,,,,,,,,,,,,,,
